Well name,Strain name,0 h ,0 h 10 min,0 h 20 min,0 h 30 min,0 h 40 min,0 h 50 min,1 h ,1 h 10 min,1 h 20 min,1 h 30 min,1 h 40 min,1 h 50 min,2 h ,2 h 10 min,2 h 20 min,2 h 30 min,2 h 40 min,2 h 50 min,3 h ,3 h 10 min,3 h 20 min,3 h 30 min,3 h 40 min,3 h 50 min,4 h ,4 h 10 min,4 h 20 min,4 h 30 min,4 h 40 min,4 h 50 min,5 h ,5 h 10 min,5 h 20 min,5 h 30 min,5 h 40 min,5 h 50 min,6 h ,6 h 10 min,6 h 20 min,6 h 30 min,6 h 40 min,6 h 50 min,7 h ,7 h 10 min,7 h 20 min,7 h 30 min,7 h 40 min,7 h 50 min,8 h ,8 h 10 min,8 h 20 min,8 h 30 min,8 h 40 min,8 h 50 min,9 h ,9 h 10 min,9 h 20 min,9 h 30 min,9 h 40 min,9 h 50 min,10 h ,10 h 10 min,10 h 20 min,10 h 30 min,10 h 40 min,10 h 50 min,11 h ,11 h 10 min,11 h 20 min,11 h 30 min,11 h 40 min,11 h 50 min,12 h ,12 h 10 min,12 h 20 min,12 h 30 min,12 h 40 min,12 h 50 min,13 h ,13 h 10 min,13 h 20 min,13 h 30 min,13 h 40 min,13 h 50 min,14 h ,14 h 10 min,14 h 20 min,14 h 30 min,14 h 40 min,14 h 50 min,15 h ,15 h 10 min,15 h 20 min,15 h 30 min,15 h 40 min,15 h 50 min,16 h ,16 h 10 min,16 h 20 min,16 h 30 min,16 h 40 min,16 h 50 min,17 h ,17 h 10 min,17 h 20 min,17 h 30 min,17 h 40 min,17 h 50 min,18 h ,18 h 10 min,18 h 20 min,18 h 30 min,18 h 40 min,18 h 50 min,19 h ,19 h 10 min,19 h 20 min,19 h 30 min,19 h 40 min,19 h 50 min,20 h ,20 h 10 min,20 h 20 min,20 h 30 min,20 h 40 min,20 h 50 min,21 h ,21 h 10 min,21 h 20 min,21 h 30 min,21 h 40 min,21 h 50 min,22 h ,22 h 10 min,22 h 20 min,22 h 30 min,22 h 40 min,22 h 50 min,23 h ,23 h 10 min,23 h 20 min,23 h 30 min,23 h 40 min,23 h 50 min,24 h 
A1,LB blank,0.198,0.198,0.191,0.183,0.179,0.18,0.174,0.166,0.147,0.133,0.123,0.107,0.117,0.118,0.11,0.108,0.114,0.102,0.118,0.112,0.111,0.106,0.112,0.096,0.122,0.113,0.113,0.114,0.108,0.113,0.12,0.118,0.119,0.105,0.118,0.115,0.114,0.101,0.095,0.099,0.096,0.09,0.116,0.104,0.1,0.103,0.106,0.112,0.118,0.099,0.122,0.105,0.119,0.096,0.105,0.117,0.104,0.114,0.109,0.099,0.102,0.135,0.122,0.103,0.1,0.128,0.101,0.124,0.107,0.098,0.12,0.098,0.116,0.12,0.135,0.097,0.126,0.12,0.118,0.121,0.122,0.111,0.112,0.114,0.118,0.102,0.101,0.099,0.095,0.113,0.114,0.137,0.12,0.117,0.116,0.111,0.12,0.107,0.113,0.13,0.123,0.108,0.114,0.116,0.125,0.116,0.103,0.131,0.115,0.12,0.104,0.106,0.128,0.13,0.101,0.127,0.117,0.116,0.119,0.126,0.113,0.109,0.123,0.125,0.128,0.12,0.127,0.133,0.144,0.112,0.126,0.102,0.108,0.127,0.109,0.135,0.104,0.118,0.104,0.135,0.122,0.132,0.128,0.135,0.137
A2,LB blank,0.196,0.194,0.195,0.183,0.183,0.179,0.159,0.167,0.144,0.147,0.127,0.118,0.128,0.114,0.148,0.133,0.117,0.117,0.133,0.106,0.096,0.116,0.121,0.122,0.1,0.123,0.119,0.126,0.098,0.115,0.101,0.1,0.105,0.134,0.09,0.093,0.096,0.1,0.112,0.117,0.116,0.092,0.093,0.11,0.116,0.106,0.104,0.096,0.113,0.095,0.098,0.117,0.112,0.119,0.097,0.101,0.104,0.121,0.116,0.093,0.106,0.122,0.124,0.091,0.093,0.116,0.092,0.102,0.092,0.094,0.101,0.113,0.117,0.103,0.138,0.095,0.12,0.093,0.102,0.094,0.111,0.1,0.101,0.101,0.137,0.087,0.111,0.093,0.132,0.129,0.106,0.113,0.125,0.102,0.108,0.105,0.121,0.086,0.102,0.105,0.135,0.099,0.124,0.113,0.102,0.11,0.099,0.114,0.098,0.15,0.101,0.089,0.114,0.12,0.139,0.12,0.112,0.135,0.127,0.112,0.143,0.144,0.098,0.135,0.103,0.098,0.14,0.136,0.125,0.106,0.133,0.114,0.143,0.102,0.143,0.147,0.101,0.103,0.107,0.103,0.105,0.101,0.143,0.123,0.138
A3,LB blank,0.196,0.202,0.188,0.187,0.179,0.167,0.167,0.151,0.131,0.126,0.11,0.12,0.11,0.123,0.106,0.114,0.111,0.125,0.107,0.1,0.128,0.106,0.098,0.1,0.107,0.106,0.123,0.117,0.106,0.12,0.091,0.137,0.103,0.101,0.094,0.111,0.089,0.096,0.101,0.091,0.094,0.095,0.106,0.1,0.113,0.102,0.095,0.113,0.088,0.086,0.09,0.09,0.098,0.092,0.093,0.089,0.094,0.11,0.123,0.105,0.091,0.125,0.111,0.117,0.121,0.125,0.117,0.113,0.122,0.108,0.13,0.128,0.121,0.143,0.15,0.144,0.153,0.15,0.17,0.178,0.192,0.202,0.215,0.22,0.236,0.223,0.246,0.253,0.26,0.274,0.283,0.291,0.295,0.283,0.323,0.318,0.322,0.347,0.371,0.367,0.379,0.373,0.392,0.411,0.421,0.438,0.455,0.462,0.479,0.483,0.499,0.506,0.525,0.522,0.54,0.534,0.568,0.58,0.594,0.604,0.617,0.623,0.638,0.65,0.659,0.666,0.676,0.682,0.706,0.711,0.728,0.731,0.741,0.751,0.745,0.764,0.771,0.773,0.767,0.774,0.782,0.791,0.789,0.799,0.811
A4,LB blank,0.203,0.211,0.188,0.188,0.185,0.174,0.169,0.169,0.153,0.142,0.101,0.097,0.119,0.104,0.098,0.108,0.096,0.091,0.123,0.103,0.126,0.085,0.095,0.117,0.095,0.083,0.1,0.121,0.092,0.089,0.092,0.105,0.089,0.093,0.082,0.112,0.082,0.107,0.089,0.115,0.085,0.086,0.081,0.088,0.111,0.11,0.084,0.086,0.1,0.083,0.081,0.081,0.107,0.11,0.108,0.098,0.108,0.115,0.091,0.099,0.091,0.099,0.087,0.091,0.091,0.096,0.099,0.086,0.086,0.112,0.109,0.112,0.092,0.087,0.097,0.093,0.107,0.085,0.087,0.116,0.113,0.108,0.114,0.113,0.107,0.117,0.089,0.094,0.093,0.098,0.112,0.124,0.09,0.114,0.081,0.118,0.088,0.12,0.088,0.116,0.149,0.105,0.115,0.094,0.104,0.114,0.08,0.126,0.085,0.118,0.098,0.086,0.102,0.099,0.123,0.086,0.09,0.119,0.096,0.111,0.119,0.118,0.095,0.133,0.09,0.091,0.088,0.086,0.131,0.112,0.123,0.095,0.105,0.076,0.128,0.097,0.103,0.096,0.114,0.108,0.142,0.088,0.105,0.089,0.088
A5,LB blank,0.197,0.201,0.187,0.185,0.182,0.165,0.17,0.165,0.154,0.127,0.116,0.125,0.117,0.094,0.102,0.099,0.093,0.125,0.106,0.103,0.089,0.093,0.093,0.121,0.095,0.099,0.099,0.099,0.103,0.096,0.102,0.09,0.091,0.096,0.104,0.087,0.119,0.08,0.115,0.12,0.086,0.079,0.085,0.079,0.084,0.108,0.087,0.08,0.087,0.114,0.087,0.085,0.085,0.111,0.084,0.08,0.11,0.088,0.094,0.09,0.092,0.098,0.092,0.093,0.087,0.091,0.109,0.09,0.085,0.095,0.117,0.109,0.09,0.086,0.098,0.086,0.096,0.09,0.116,0.086,0.087,0.092,0.12,0.086,0.082,0.114,0.121,0.086,0.082,0.1,0.091,0.092,0.097,0.093,0.084,0.091,0.088,0.105,0.091,0.096,0.119,0.093,0.121,0.118,0.085,0.12,0.113,0.086,0.084,0.089,0.09,0.083,0.096,0.098,0.123,0.085,0.092,0.086,0.091,0.096,0.098,0.088,0.102,0.095,0.089,0.125,0.117,0.085,0.134,0.125,0.123,0.121,0.126,0.117,0.09,0.123,0.087,0.125,0.086,0.085,0.128,0.078,0.125,0.103,0.09
A6,LB blank,0.2,0.229,0.193,0.186,0.183,0.167,0.16,0.138,0.144,0.143,0.138,0.107,0.1,0.103,0.134,0.107,0.113,0.098,0.1,0.115,0.093,0.133,0.124,0.108,0.086,0.098,0.098,0.105,0.123,0.135,0.089,0.149,0.101,0.092,0.081,0.084,0.112,0.115,0.103,0.087,0.113,0.081,0.089,0.09,0.088,0.124,0.086,0.087,0.114,0.089,0.09,0.084,0.1,0.097,0.083,0.089,0.081,0.121,0.096,0.123,0.112,0.123,0.104,0.09,0.085,0.091,0.097,0.081,0.086,0.096,0.081,0.119,0.117,0.118,0.125,0.087,0.121,0.093,0.097,0.108,0.093,0.087,0.108,0.085,0.13,0.091,0.093,0.093,0.093,0.094,0.087,0.102,0.095,0.12,0.12,0.119,0.09,0.094,0.127,0.127,0.129,0.127,0.126,0.089,0.095,0.091,0.092,0.084,0.115,0.098,0.091,0.086,0.115,0.095,0.091,0.089,0.088,0.099,0.102,0.103,0.086,0.118,0.088,0.089,0.118,0.091,0.127,0.108,0.139,0.1,0.095,0.102,0.13,0.088,0.125,0.121,0.105,0.132,0.096,0.098,0.088,0.091,0.097,0.095,0.087
A7,LB blank,0.181,0.246,0.196,0.156,0.178,0.17,0.174,0.172,0.129,0.117,0.115,0.094,0.092,0.104,0.093,0.103,0.102,0.093,0.089,0.087,0.137,0.096,0.093,0.092,0.093,0.097,0.103,0.092,0.101,0.092,0.09,0.083,0.139,0.092,0.081,0.079,0.073,0.077,0.128,0.08,0.115,0.076,0.092,0.085,0.088,0.12,0.083,0.126,0.115,0.085,0.075,0.08,0.086,0.13,0.113,0.084,0.082,0.119,0.084,0.129,0.081,0.137,0.085,0.121,0.08,0.086,0.088,0.079,0.088,0.091,0.085,0.094,0.131,0.131,0.108,0.096,0.103,0.1,0.135,0.142,0.121,0.118,0.147,0.143,0.148,0.148,0.139,0.146,0.136,0.16,0.166,0.182,0.181,0.184,0.223,0.229,0.211,0.245,0.246,0.267,0.261,0.251,0.257,0.298,0.299,0.271,0.287,0.293,0.336,0.359,0.323,0.336,0.357,0.361,0.371,0.385,0.416,0.425,0.434,0.438,0.449,0.47,0.47,0.483,0.484,0.501,0.501,0.521,0.514,0.52,0.528,0.522,0.53,0.549,0.549,0.548,0.564,0.565,0.566,0.567,0.574,0.579,0.581,0.587,0.598
A8,LB blank,0.2,0.198,0.192,0.183,0.17,0.155,0.148,0.174,0.172,0.123,0.154,0.152,0.109,0.095,0.089,0.092,0.093,0.09,0.093,0.089,0.125,0.08,0.088,0.089,0.082,0.09,0.104,0.111,0.096,0.106,0.095,0.086,0.151,0.093,0.086,0.082,0.083,0.086,0.13,0.084,0.082,0.091,0.088,0.121,0.086,0.09,0.081,0.086,0.087,0.086,0.082,0.087,0.08,0.086,0.081,0.083,0.089,0.087,0.095,0.139,0.091,0.143,0.132,0.134,0.086,0.088,0.096,0.086,0.133,0.095,0.086,0.087,0.125,0.081,0.148,0.085,0.135,0.089,0.087,0.087,0.094,0.094,0.087,0.089,0.096,0.084,0.084,0.089,0.083,0.094,0.145,0.148,0.091,0.087,0.102,0.138,0.141,0.09,0.088,0.143,0.089,0.085,0.135,0.088,0.129,0.096,0.089,0.091,0.137,0.145,0.082,0.094,0.141,0.102,0.102,0.087,0.151,0.085,0.087,0.089,0.137,0.092,0.14,0.136,0.085,0.145,0.143,0.089,0.094,0.145,0.088,0.092,0.145,0.089,0.14,0.086,0.142,0.097,0.099,0.1,0.089,0.149,0.081,0.088,0.09
A9,LB blank,0.202,0.203,0.194,0.177,0.185,0.161,0.134,0.141,0.117,0.133,0.12,0.136,0.099,0.099,0.088,0.092,0.085,0.083,0.143,0.145,0.123,0.078,0.084,0.09,0.091,0.138,0.095,0.095,0.093,0.152,0.119,0.09,0.081,0.098,0.08,0.147,0.086,0.083,0.088,0.125,0.08,0.078,0.083,0.082,0.081,0.082,0.081,0.091,0.132,0.127,0.077,0.122,0.136,0.088,0.13,0.143,0.108,0.082,0.081,0.131,0.09,0.124,0.08,0.096,0.085,0.154,0.091,0.082,0.077,0.087,0.082,0.137,0.121,0.078,0.089,0.082,0.132,0.121,0.119,0.143,0.075,0.125,0.082,0.086,0.077,0.128,0.079,0.091,0.13,0.088,0.13,0.142,0.079,0.089,0.087,0.089,0.118,0.124,0.145,0.083,0.083,0.082,0.079,0.081,0.082,0.084,0.081,0.079,0.123,0.091,0.087,0.082,0.087,0.083,0.082,0.079,0.136,0.145,0.099,0.138,0.103,0.085,0.083,0.14,0.09,0.08,0.085,0.087,0.08,0.091,0.084,0.132,0.135,0.134,0.136,0.102,0.093,0.098,0.133,0.079,0.146,0.085,0.145,0.142,0.08
A10,LB blank,0.201,0.202,0.152,0.117,0.125,0.111,0.102,0.1,0.098,0.091,0.09,0.088,0.085,0.091,0.082,0.082,0.114,0.115,0.12,0.079,0.136,0.076,0.08,0.078,0.119,0.078,0.103,0.076,0.099,0.108,0.079,0.131,0.076,0.076,0.078,0.084,0.079,0.081,0.077,0.078,0.079,0.081,0.078,0.077,0.098,0.079,0.081,0.108,0.092,0.076,0.077,0.096,0.08,0.077,0.097,0.094,0.094,0.078,0.076,0.08,0.108,0.08,0.073,0.088,0.101,0.101,0.082,0.077,0.08,0.102,0.078,0.102,0.08,0.075,0.116,0.081,0.083,0.1,0.077,0.076,0.075,0.111,0.076,0.094,0.091,0.079,0.079,0.095,0.077,0.078,0.093,0.08,0.078,0.105,0.104,0.074,0.079,0.089,0.102,0.109,0.125,0.076,0.076,0.08,0.081,0.076,0.077,0.079,0.093,0.113,0.078,0.076,0.08,0.08,0.095,0.079,0.078,0.076,0.14,0.105,0.076,0.106,0.104,0.077,0.092,0.111,0.11,0.079,0.099,0.108,0.076,0.077,0.084,0.082,0.094,0.1,0.095,0.076,0.079,0.077,0.078,0.076,0.08,0.091,0.077
A11,LB blank,0.211,0.209,0.202,0.184,0.152,0.123,0.13,0.133,0.191,0.119,0.133,0.119,0.118,0.116,0.116,0.108,0.106,0.108,0.182,0.177,0.172,0.111,0.114,0.128,0.107,0.161,0.108,0.118,0.121,0.122,0.173,0.111,0.096,0.107,0.097,0.107,0.099,0.096,0.095,0.101,0.154,0.104,0.139,0.103,0.101,0.11,0.096,0.105,0.097,0.1,0.101,0.102,0.107,0.114,0.142,0.101,0.097,0.141,0.088,0.097,0.105,0.157,0.099,0.175,0.102,0.145,0.098,0.095,0.1,0.092,0.156,0.1,0.1,0.095,0.146,0.095,0.155,0.145,0.164,0.149,0.091,0.101,0.141,0.144,0.083,0.09,0.088,0.1,0.149,0.135,0.087,0.141,0.098,0.136,0.107,0.133,0.097,0.095,0.088,0.097,0.11,0.092,0.101,0.098,0.122,0.144,0.099,0.096,0.1,0.141,0.099,0.096,0.146,0.098,0.101,0.101,0.144,0.101,0.092,0.151,0.095,0.097,0.104,0.09,0.091,0.099,0.096,0.14,0.088,0.137,0.091,0.139,0.133,0.104,0.137,0.088,0.108,0.136,0.089,0.103,0.095,0.104,0.113,0.097,0.114
A12,LB blank,0.234,0.264,0.243,0.202,0.147,0.192,0.102,0.116,0.127,0.091,0.096,0.172,0.153,0.093,0.089,0.086,0.085,0.094,0.165,0.088,0.096,0.09,0.096,0.16,0.088,0.145,0.095,0.089,0.09,0.087,0.087,0.089,0.1,0.091,0.084,0.093,0.084,0.134,0.083,0.084,0.146,0.088,0.086,0.088,0.085,0.155,0.079,0.092,0.094,0.082,0.085,0.094,0.082,0.082,0.084,0.146,0.084,0.142,0.089,0.156,0.086,0.087,0.079,0.094,0.148,0.155,0.09,0.078,0.143,0.082,0.089,0.089,0.096,0.162,0.153,0.086,0.08,0.084,0.155,0.144,0.078,0.083,0.148,0.09,0.085,0.143,0.086,0.083,0.154,0.149,0.143,0.102,0.08,0.098,0.146,0.078,0.079,0.082,0.146,0.114,0.085,0.086,0.088,0.112,0.083,0.159,0.157,0.085,0.09,0.163,0.086,0.08,0.155,0.157,0.088,0.097,0.081,0.157,0.077,0.088,0.078,0.087,0.156,0.081,0.142,0.153,0.158,0.16,0.166,0.084,0.082,0.147,0.157,0.14,0.154,0.087,0.088,0.081,0.088,0.082,0.086,0.152,0.083,0.086,0.089
B1,LB blank,0.141,0.16,0.145,0.147,0.132,0.135,0.137,0.128,0.133,0.135,0.134,0.116,0.128,0.118,0.116,0.113,0.103,0.128,0.122,0.132,0.111,0.1,0.111,0.113,0.121,0.129,0.131,0.107,0.106,0.105,0.126,0.11,0.141,0.102,0.131,0.129,0.106,0.123,0.099,0.095,0.107,0.099,0.098,0.123,0.103,0.13,0.103,0.096,0.122,0.135,0.117,0.107,0.103,0.114,0.113,0.101,0.101,0.119,0.14,0.106,0.11,0.14,0.127,0.115,0.105,0.137,0.102,0.101,0.11,0.135,0.107,0.105,0.111,0.108,0.142,0.106,0.098,0.105,0.102,0.12,0.107,0.112,0.134,0.108,0.13,0.096,0.102,0.127,0.114,0.127,0.127,0.142,0.129,0.097,0.131,0.119,0.113,0.134,0.139,0.108,0.137,0.107,0.111,0.131,0.128,0.13,0.129,0.128,0.102,0.149,0.108,0.1,0.102,0.133,0.106,0.112,0.124,0.113,0.132,0.124,0.124,0.113,0.136,0.124,0.113,0.116,0.114,0.112,0.13,0.119,0.116,0.126,0.131,0.1,0.11,0.106,0.113,0.115,0.114,0.114,0.128,0.114,0.109,0.115,0.105
B2,S. aureus ,0.226,0.198,0.198,0.206,0.184,0.17,0.185,0.185,0.19,0.156,0.17,0.18,0.202,0.226,0.248,0.267,0.289,0.312,0.336,0.36,0.386,0.414,0.438,0.46,0.482,0.5,0.514,0.526,0.536,0.556,0.56,0.571,0.584,0.595,0.599,0.608,0.608,0.61,0.61,0.611,0.611,0.612,0.611,0.615,0.616,0.616,0.619,0.62,0.622,0.624,0.627,0.629,0.629,0.633,0.631,0.637,0.637,0.641,0.642,0.639,0.641,0.644,0.648,0.646,0.65,0.65,0.651,0.654,0.652,0.653,0.655,0.658,0.657,0.658,0.661,0.659,0.661,0.661,0.664,0.664,0.666,0.666,0.668,0.668,0.672,0.673,0.671,0.671,0.673,0.672,0.674,0.671,0.674,0.675,0.674,0.677,0.675,0.676,0.675,0.674,0.677,0.674,0.675,0.676,0.674,0.68,0.682,0.679,0.684,0.681,0.679,0.68,0.681,0.678,0.678,0.682,0.679,0.676,0.678,0.677,0.675,0.674,0.671,0.673,0.67,0.67,0.67,0.669,0.667,0.664,0.665,0.661,0.661,0.661,0.66,0.659,0.657,0.655,0.653,0.653,0.652,0.65,0.649,0.65,0.65
B3,S. aureus ,0.229,0.213,0.194,0.199,0.2,0.204,0.189,0.156,0.168,0.158,0.194,0.202,0.22,0.218,0.24,0.26,0.289,0.315,0.335,0.356,0.382,0.408,0.43,0.454,0.476,0.498,0.515,0.523,0.533,0.553,0.56,0.573,0.59,0.595,0.603,0.61,0.612,0.616,0.613,0.617,0.617,0.617,0.618,0.62,0.62,0.622,0.623,0.625,0.625,0.629,0.631,0.632,0.633,0.635,0.636,0.64,0.645,0.647,0.648,0.646,0.649,0.648,0.654,0.653,0.655,0.656,0.656,0.659,0.66,0.66,0.661,0.66,0.662,0.661,0.666,0.666,0.668,0.669,0.667,0.668,0.67,0.67,0.671,0.673,0.677,0.674,0.675,0.675,0.676,0.676,0.677,0.677,0.676,0.675,0.677,0.68,0.679,0.679,0.679,0.679,0.68,0.678,0.679,0.68,0.68,0.68,0.684,0.683,0.685,0.684,0.682,0.684,0.682,0.683,0.681,0.683,0.681,0.679,0.679,0.677,0.677,0.675,0.673,0.671,0.671,0.67,0.671,0.668,0.666,0.665,0.664,0.661,0.66,0.66,0.66,0.658,0.656,0.653,0.655,0.65,0.648,0.648,0.647,0.646,0.643
B4,S. aureus ,0.239,0.217,0.202,0.204,0.2,0.2,0.168,0.165,0.16,0.152,0.187,0.173,0.187,0.209,0.233,0.254,0.278,0.309,0.327,0.352,0.38,0.407,0.432,0.451,0.472,0.498,0.514,0.525,0.534,0.553,0.56,0.573,0.587,0.597,0.605,0.61,0.616,0.617,0.615,0.618,0.618,0.618,0.62,0.622,0.623,0.624,0.625,0.627,0.629,0.632,0.632,0.636,0.634,0.639,0.64,0.642,0.645,0.646,0.647,0.647,0.649,0.649,0.654,0.653,0.656,0.657,0.655,0.661,0.658,0.662,0.662,0.661,0.664,0.663,0.668,0.666,0.669,0.669,0.67,0.67,0.673,0.67,0.672,0.672,0.675,0.673,0.674,0.676,0.678,0.677,0.675,0.679,0.678,0.677,0.677,0.679,0.679,0.68,0.683,0.678,0.683,0.681,0.682,0.682,0.681,0.682,0.684,0.684,0.685,0.685,0.685,0.686,0.685,0.686,0.686,0.685,0.682,0.682,0.68,0.679,0.677,0.677,0.676,0.675,0.672,0.67,0.671,0.67,0.668,0.666,0.665,0.664,0.661,0.661,0.661,0.658,0.656,0.653,0.655,0.65,0.649,0.648,0.649,0.649,0.646
B5,PA14 WT,0.219,0.201,0.214,0.19,0.189,0.143,0.163,0.162,0.164,0.168,0.162,0.176,0.191,0.208,0.209,0.221,0.229,0.232,0.244,0.254,0.271,0.276,0.284,0.298,0.307,0.314,0.326,0.325,0.336,0.348,0.354,0.364,0.393,0.388,0.437,0.425,0.458,0.482,0.481,0.485,0.502,0.511,0.529,0.526,0.532,0.536,0.555,0.541,0.556,0.56,0.572,0.592,0.604,0.609,0.591,0.604,0.61,0.617,0.614,0.617,0.628,0.647,0.651,0.648,0.655,0.66,0.665,0.673,0.679,0.681,0.69,0.694,0.697,0.7,0.721,0.711,0.719,0.718,0.726,0.726,0.732,0.736,0.736,0.747,0.751,0.75,0.752,0.757,0.758,0.766,0.768,0.769,0.773,0.771,0.774,0.777,0.781,0.78,0.789,0.786,0.786,0.795,0.786,0.804,0.792,0.815,0.805,0.8,0.804,0.809,0.809,0.802,0.81,0.819,0.808,0.821,0.816,0.813,0.818,0.829,0.819,0.825,0.822,0.826,0.829,0.83,0.825,0.83,0.84,0.835,0.836,0.837,0.837,0.841,0.838,0.848,0.844,0.846,0.845,0.848,0.851,0.851,0.852,0.847,0.854
B6,PA14 WT,0.207,0.209,0.203,0.185,0.189,0.182,0.174,0.173,0.17,0.151,0.177,0.193,0.191,0.196,0.211,0.217,0.227,0.233,0.243,0.265,0.274,0.258,0.281,0.292,0.3,0.313,0.32,0.341,0.334,0.34,0.354,0.372,0.376,0.385,0.428,0.412,0.432,0.462,0.471,0.491,0.489,0.503,0.499,0.498,0.521,0.52,0.523,0.555,0.535,0.546,0.548,0.563,0.568,0.577,0.578,0.58,0.587,0.597,0.6,0.597,0.613,0.621,0.635,0.632,0.639,0.641,0.648,0.654,0.655,0.662,0.664,0.673,0.678,0.673,0.69,0.683,0.692,0.691,0.692,0.699,0.708,0.707,0.711,0.716,0.721,0.71,0.721,0.739,0.727,0.725,0.732,0.737,0.739,0.743,0.745,0.743,0.74,0.739,0.751,0.744,0.754,0.756,0.749,0.753,0.75,0.756,0.763,0.761,0.766,0.765,0.76,0.764,0.771,0.773,0.777,0.763,0.776,0.774,0.773,0.778,0.774,0.777,0.782,0.793,0.783,0.797,0.78,0.8,0.805,0.791,0.796,0.792,0.791,0.799,0.802,0.8,0.798,0.798,0.802,0.808,0.823,0.804,0.805,0.808,0.82
B7,PA14 WT,0.218,0.216,0.212,0.194,0.196,0.196,0.186,0.191,0.182,0.184,0.189,0.179,0.21,0.205,0.227,0.228,0.242,0.245,0.254,0.266,0.275,0.288,0.294,0.302,0.312,0.321,0.327,0.34,0.353,0.35,0.363,0.365,0.376,0.394,0.438,0.441,0.465,0.47,0.471,0.473,0.481,0.488,0.504,0.5,0.525,0.515,0.523,0.541,0.534,0.539,0.549,0.566,0.57,0.579,0.57,0.57,0.574,0.577,0.584,0.59,0.598,0.611,0.621,0.616,0.622,0.628,0.633,0.645,0.642,0.651,0.655,0.656,0.658,0.662,0.676,0.667,0.677,0.677,0.68,0.68,0.698,0.686,0.692,0.694,0.708,0.701,0.711,0.705,0.713,0.719,0.709,0.718,0.714,0.712,0.721,0.725,0.724,0.73,0.729,0.729,0.734,0.732,0.737,0.738,0.732,0.746,0.746,0.747,0.755,0.753,0.748,0.745,0.754,0.76,0.753,0.755,0.77,0.752,0.775,0.758,0.757,0.766,0.776,0.759,0.763,0.765,0.767,0.776,0.78,0.779,0.778,0.777,0.774,0.78,0.774,0.786,0.786,0.78,0.776,0.783,0.788,0.782,0.792,0.782,0.796
B8,3-1,0.197,0.209,0.211,0.202,0.196,0.19,0.193,0.178,0.181,0.181,0.193,0.195,0.206,0.225,0.229,0.229,0.217,0.248,0.248,0.269,0.282,0.29,0.297,0.302,0.31,0.325,0.336,0.356,0.354,0.366,0.371,0.369,0.387,0.409,0.411,0.43,0.442,0.45,0.468,0.483,0.476,0.49,0.488,0.487,0.509,0.523,0.524,0.548,0.527,0.534,0.534,0.548,0.557,0.575,0.557,0.568,0.575,0.58,0.586,0.589,0.595,0.606,0.612,0.61,0.611,0.619,0.621,0.627,0.628,0.633,0.636,0.639,0.638,0.641,0.658,0.649,0.648,0.652,0.655,0.659,0.664,0.662,0.662,0.664,0.67,0.665,0.672,0.675,0.68,0.68,0.676,0.686,0.68,0.682,0.683,0.694,0.688,0.694,0.697,0.692,0.706,0.694,0.699,0.703,0.7,0.7,0.706,0.706,0.709,0.715,0.715,0.714,0.721,0.723,0.714,0.72,0.73,0.725,0.729,0.729,0.731,0.738,0.735,0.739,0.738,0.741,0.74,0.74,0.747,0.746,0.748,0.748,0.75,0.752,0.75,0.752,0.754,0.757,0.757,0.759,0.76,0.76,0.761,0.764,0.766
B9,3-1,0.206,0.213,0.213,0.205,0.205,0.198,0.191,0.185,0.189,0.191,0.194,0.203,0.216,0.228,0.216,0.241,0.253,0.266,0.27,0.271,0.293,0.3,0.299,0.314,0.317,0.338,0.338,0.362,0.355,0.382,0.384,0.418,0.416,0.406,0.418,0.4,0.434,0.437,0.488,0.459,0.461,0.472,0.491,0.485,0.492,0.53,0.507,0.538,0.528,0.541,0.539,0.566,0.564,0.573,0.561,0.588,0.567,0.572,0.581,0.585,0.587,0.602,0.609,0.608,0.612,0.619,0.623,0.629,0.63,0.635,0.632,0.649,0.65,0.654,0.671,0.664,0.668,0.673,0.676,0.679,0.683,0.685,0.686,0.686,0.694,0.691,0.698,0.701,0.708,0.706,0.706,0.714,0.71,0.716,0.714,0.725,0.731,0.729,0.734,0.725,0.73,0.73,0.732,0.738,0.739,0.738,0.747,0.746,0.746,0.752,0.75,0.751,0.758,0.76,0.757,0.761,0.768,0.766,0.77,0.769,0.775,0.769,0.775,0.773,0.775,0.78,0.777,0.784,0.785,0.783,0.787,0.786,0.793,0.791,0.79,0.788,0.795,0.792,0.794,0.797,0.796,0.799,0.801,0.801,0.806
B10,3-1,0.204,0.22,0.212,0.203,0.203,0.197,0.195,0.197,0.192,0.201,0.201,0.203,0.224,0.224,0.234,0.246,0.25,0.264,0.263,0.281,0.287,0.305,0.306,0.314,0.322,0.331,0.337,0.376,0.367,0.367,0.387,0.393,0.391,0.415,0.429,0.42,0.445,0.482,0.47,0.469,0.468,0.483,0.523,0.498,0.507,0.536,0.543,0.55,0.54,0.551,0.562,0.576,0.584,0.582,0.581,0.595,0.593,0.597,0.604,0.611,0.611,0.627,0.63,0.635,0.64,0.648,0.646,0.654,0.657,0.66,0.66,0.669,0.669,0.671,0.686,0.683,0.684,0.69,0.691,0.692,0.699,0.698,0.704,0.702,0.711,0.706,0.712,0.715,0.718,0.72,0.722,0.73,0.728,0.727,0.728,0.734,0.741,0.74,0.742,0.738,0.747,0.742,0.746,0.749,0.75,0.748,0.756,0.757,0.761,0.765,0.763,0.762,0.769,0.772,0.773,0.774,0.78,0.774,0.777,0.779,0.779,0.787,0.786,0.784,0.791,0.787,0.789,0.789,0.795,0.797,0.795,0.797,0.8,0.802,0.799,0.8,0.802,0.804,0.806,0.806,0.805,0.808,0.809,0.811,0.814
B11,LB blank,0.21,0.2,0.193,0.186,0.183,0.177,0.174,0.149,0.127,0.119,0.115,0.136,0.143,0.164,0.097,0.158,0.114,0.098,0.154,0.096,0.094,0.09,0.091,0.096,0.1,0.086,0.152,0.148,0.151,0.094,0.098,0.087,0.092,0.083,0.085,0.103,0.154,0.104,0.098,0.107,0.088,0.123,0.101,0.09,0.102,0.109,0.105,0.096,0.117,0.089,0.1,0.094,0.098,0.148,0.124,0.118,0.114,0.13,0.097,0.155,0.153,0.131,0.158,0.112,0.152,0.156,0.105,0.154,0.121,0.098,0.114,0.146,0.155,0.09,0.158,0.102,0.155,0.119,0.1,0.11,0.151,0.097,0.114,0.099,0.142,0.153,0.153,0.153,0.107,0.152,0.152,0.106,0.11,0.106,0.115,0.124,0.113,0.117,0.101,0.121,0.153,0.1,0.149,0.154,0.153,0.119,0.096,0.109,0.121,0.162,0.091,0.117,0.155,0.157,0.153,0.151,0.118,0.1,0.114,0.151,0.108,0.113,0.092,0.098,0.121,0.135,0.103,0.132,0.127,0.098,0.123,0.098,0.155,0.1,0.099,0.1,0.11,0.119,0.095,0.152,0.104,0.115,0.101,0.115,0.117
B12,LB blank,0.236,0.244,0.206,0.191,0.188,0.182,0.178,0.177,0.175,0.135,0.172,0.14,0.116,0.167,0.139,0.123,0.115,0.123,0.124,0.102,0.12,0.16,0.149,0.111,0.113,0.106,0.162,0.119,0.153,0.118,0.109,0.109,0.101,0.11,0.111,0.131,0.126,0.108,0.104,0.127,0.114,0.141,0.155,0.136,0.157,0.158,0.112,0.124,0.135,0.15,0.159,0.159,0.133,0.158,0.114,0.107,0.148,0.134,0.108,0.153,0.146,0.155,0.158,0.146,0.142,0.158,0.145,0.1,0.126,0.134,0.126,0.128,0.158,0.138,0.136,0.12,0.097,0.147,0.16,0.154,0.14,0.144,0.099,0.155,0.128,0.121,0.131,0.157,0.143,0.125,0.133,0.13,0.145,0.159,0.142,0.157,0.12,0.149,0.133,0.139,0.113,0.132,0.155,0.147,0.142,0.156,0.123,0.118,0.156,0.115,0.121,0.129,0.158,0.14,0.138,0.138,0.138,0.14,0.128,0.108,0.13,0.135,0.156,0.12,0.16,0.159,0.155,0.156,0.157,0.161,0.16,0.146,0.112,0.123,0.112,0.134,0.15,0.137,0.158,0.137,0.128,0.114,0.131,0.139,0.156
C1,LB blank,0.166,0.149,0.193,0.183,0.18,0.148,0.172,0.162,0.161,0.12,0.163,0.141,0.139,0.136,0.128,0.132,0.125,0.128,0.124,0.116,0.119,0.108,0.118,0.118,0.113,0.114,0.136,0.13,0.114,0.142,0.101,0.143,0.142,0.122,0.116,0.125,0.111,0.12,0.134,0.117,0.11,0.115,0.127,0.123,0.128,0.128,0.139,0.115,0.124,0.119,0.131,0.135,0.126,0.136,0.12,0.122,0.122,0.128,0.153,0.133,0.125,0.154,0.15,0.134,0.129,0.141,0.135,0.118,0.133,0.119,0.128,0.123,0.131,0.121,0.154,0.127,0.139,0.13,0.116,0.127,0.135,0.13,0.122,0.136,0.146,0.124,0.123,0.132,0.116,0.136,0.128,0.152,0.131,0.128,0.138,0.122,0.14,0.123,0.125,0.136,0.154,0.097,0.151,0.127,0.133,0.135,0.128,0.138,0.125,0.157,0.129,0.13,0.143,0.156,0.129,0.141,0.147,0.147,0.141,0.142,0.131,0.148,0.135,0.138,0.12,0.14,0.136,0.138,0.155,0.139,0.138,0.139,0.149,0.141,0.155,0.137,0.143,0.143,0.135,0.151,0.138,0.134,0.14,0.146,0.144
C2,5-1,0.238,0.24,0.221,0.248,0.206,0.202,0.198,0.188,0.195,0.198,0.195,0.199,0.207,0.222,0.209,0.198,0.251,0.255,0.259,0.247,0.282,0.261,0.293,0.274,0.315,0.324,0.344,0.343,0.341,0.359,0.361,0.351,0.353,0.362,0.369,0.39,0.402,0.416,0.431,0.446,0.458,0.467,0.476,0.478,0.489,0.504,0.499,0.514,0.511,0.524,0.532,0.56,0.572,0.577,0.575,0.583,0.589,0.599,0.593,0.604,0.607,0.612,0.622,0.633,0.629,0.635,0.639,0.649,0.656,0.66,0.661,0.676,0.674,0.676,0.695,0.699,0.699,0.701,0.708,0.715,0.716,0.717,0.731,0.73,0.746,0.747,0.751,0.758,0.761,0.764,0.768,0.773,0.773,0.778,0.783,0.795,0.79,0.796,0.799,0.8,0.809,0.807,0.814,0.818,0.821,0.831,0.831,0.839,0.843,0.843,0.846,0.849,0.86,0.86,0.87,0.872,0.881,0.878,0.882,0.883,0.881,0.891,0.891,0.899,0.906,0.91,0.911,0.916,0.924,0.921,0.92,0.919,0.919,0.916,0.918,0.919,0.922,0.923,0.927,0.919,0.915,0.919,0.924,0.928,0.923
C3,5-1,0.224,0.286,0.24,0.247,0.21,0.178,0.201,0.186,0.191,0.194,0.192,0.185,0.201,0.208,0.224,0.234,0.241,0.247,0.242,0.278,0.284,0.283,0.295,0.285,0.311,0.319,0.336,0.349,0.327,0.361,0.368,0.372,0.371,0.372,0.378,0.39,0.407,0.425,0.438,0.448,0.461,0.47,0.478,0.482,0.49,0.514,0.523,0.546,0.535,0.549,0.543,0.561,0.565,0.58,0.565,0.576,0.578,0.595,0.595,0.602,0.61,0.62,0.635,0.637,0.637,0.642,0.65,0.658,0.656,0.66,0.666,0.669,0.673,0.678,0.692,0.681,0.682,0.688,0.692,0.695,0.705,0.7,0.702,0.706,0.715,0.715,0.721,0.722,0.727,0.727,0.723,0.731,0.734,0.735,0.738,0.747,0.747,0.748,0.752,0.749,0.758,0.754,0.756,0.76,0.761,0.763,0.769,0.769,0.772,0.777,0.777,0.778,0.781,0.784,0.791,0.789,0.789,0.788,0.795,0.792,0.794,0.805,0.797,0.8,0.801,0.806,0.805,0.806,0.812,0.808,0.81,0.808,0.812,0.817,0.818,0.817,0.817,0.819,0.823,0.821,0.825,0.825,0.826,0.829,0.83
C4,5-1,0.222,0.24,0.212,0.209,0.206,0.204,0.198,0.191,0.201,0.198,0.199,0.201,0.21,0.216,0.229,0.237,0.242,0.257,0.261,0.276,0.278,0.276,0.293,0.306,0.295,0.323,0.316,0.353,0.361,0.359,0.354,0.35,0.374,0.369,0.383,0.399,0.41,0.432,0.443,0.448,0.46,0.469,0.483,0.485,0.494,0.518,0.532,0.541,0.525,0.534,0.532,0.55,0.558,0.566,0.552,0.562,0.572,0.586,0.589,0.594,0.601,0.607,0.62,0.618,0.622,0.625,0.634,0.638,0.638,0.642,0.649,0.651,0.655,0.657,0.665,0.661,0.665,0.666,0.669,0.673,0.683,0.68,0.682,0.683,0.691,0.692,0.7,0.696,0.7,0.702,0.697,0.703,0.707,0.71,0.712,0.72,0.721,0.723,0.726,0.719,0.728,0.726,0.731,0.734,0.732,0.735,0.738,0.739,0.744,0.747,0.745,0.748,0.749,0.754,0.757,0.759,0.761,0.758,0.765,0.764,0.766,0.773,0.77,0.771,0.774,0.774,0.779,0.777,0.782,0.781,0.783,0.783,0.785,0.79,0.789,0.788,0.794,0.794,0.794,0.798,0.797,0.799,0.802,0.802,0.801
C5,8-1,0.238,0.231,0.221,0.219,0.209,0.205,0.203,0.19,0.206,0.212,0.208,0.221,0.226,0.239,0.221,0.246,0.259,0.263,0.28,0.291,0.299,0.309,0.318,0.321,0.339,0.346,0.353,0.364,0.365,0.362,0.389,0.373,0.38,0.404,0.434,0.422,0.44,0.451,0.482,0.479,0.495,0.496,0.503,0.519,0.521,0.524,0.525,0.539,0.554,0.566,0.553,0.572,0.575,0.586,0.578,0.58,0.583,0.596,0.589,0.59,0.601,0.609,0.622,0.621,0.622,0.624,0.63,0.627,0.635,0.64,0.646,0.651,0.652,0.653,0.665,0.66,0.666,0.665,0.671,0.671,0.681,0.677,0.678,0.684,0.691,0.686,0.691,0.694,0.698,0.705,0.705,0.713,0.715,0.713,0.717,0.724,0.722,0.728,0.73,0.731,0.742,0.741,0.742,0.744,0.744,0.746,0.749,0.752,0.756,0.765,0.762,0.766,0.766,0.774,0.774,0.778,0.784,0.781,0.783,0.789,0.788,0.793,0.79,0.796,0.802,0.797,0.802,0.8,0.804,0.809,0.808,0.815,0.814,0.811,0.817,0.819,0.817,0.824,0.822,0.826,0.826,0.826,0.828,0.829,0.829
C6,8-1,0.239,0.227,0.221,0.22,0.211,0.198,0.208,0.206,0.209,0.207,0.211,0.222,0.231,0.236,0.244,0.238,0.264,0.257,0.279,0.297,0.301,0.314,0.324,0.321,0.344,0.354,0.359,0.378,0.384,0.39,0.399,0.415,0.418,0.432,0.436,0.458,0.451,0.48,0.48,0.494,0.5,0.505,0.511,0.516,0.523,0.535,0.529,0.543,0.546,0.565,0.557,0.569,0.574,0.591,0.584,0.581,0.58,0.587,0.59,0.584,0.592,0.61,0.608,0.611,0.617,0.617,0.622,0.625,0.628,0.633,0.638,0.64,0.65,0.65,0.656,0.655,0.663,0.665,0.669,0.67,0.679,0.678,0.68,0.684,0.687,0.686,0.695,0.699,0.696,0.706,0.708,0.707,0.711,0.715,0.718,0.719,0.724,0.727,0.727,0.734,0.734,0.739,0.741,0.748,0.744,0.748,0.75,0.753,0.756,0.758,0.758,0.768,0.764,0.769,0.773,0.776,0.775,0.777,0.784,0.784,0.783,0.783,0.787,0.793,0.795,0.792,0.797,0.795,0.798,0.806,0.804,0.81,0.806,0.805,0.809,0.813,0.81,0.813,0.816,0.817,0.819,0.817,0.819,0.822,0.819
C7,8-1,0.227,0.227,0.216,0.218,0.214,0.212,0.211,0.209,0.21,0.213,0.22,0.221,0.233,0.241,0.25,0.261,0.271,0.275,0.293,0.301,0.298,0.319,0.296,0.34,0.346,0.351,0.365,0.377,0.385,0.393,0.406,0.418,0.421,0.407,0.431,0.436,0.458,0.461,0.485,0.507,0.498,0.51,0.519,0.522,0.538,0.539,0.543,0.555,0.558,0.577,0.577,0.58,0.586,0.599,0.579,0.586,0.586,0.602,0.596,0.588,0.598,0.609,0.614,0.616,0.621,0.627,0.627,0.632,0.634,0.64,0.647,0.649,0.654,0.654,0.665,0.661,0.664,0.667,0.675,0.674,0.683,0.679,0.683,0.686,0.695,0.69,0.695,0.699,0.7,0.706,0.705,0.706,0.714,0.711,0.713,0.719,0.723,0.722,0.721,0.724,0.728,0.732,0.735,0.741,0.739,0.745,0.747,0.747,0.754,0.751,0.748,0.751,0.752,0.755,0.767,0.771,0.762,0.763,0.768,0.768,0.769,0.774,0.774,0.775,0.777,0.779,0.787,0.781,0.787,0.788,0.789,0.788,0.792,0.796,0.801,0.796,0.796,0.8,0.804,0.802,0.806,0.809,0.81,0.813,0.813
C8,8-3,0.224,0.225,0.218,0.221,0.216,0.213,0.21,0.207,0.209,0.213,0.213,0.225,0.228,0.234,0.244,0.245,0.263,0.276,0.288,0.3,0.289,0.325,0.329,0.339,0.349,0.36,0.367,0.38,0.393,0.399,0.411,0.424,0.426,0.437,0.434,0.436,0.463,0.495,0.485,0.495,0.521,0.5,0.515,0.527,0.535,0.544,0.569,0.578,0.573,0.58,0.578,0.59,0.59,0.601,0.593,0.586,0.575,0.59,0.59,0.592,0.594,0.604,0.599,0.601,0.606,0.611,0.617,0.624,0.621,0.628,0.632,0.634,0.64,0.641,0.646,0.647,0.647,0.65,0.652,0.653,0.662,0.66,0.661,0.662,0.667,0.673,0.67,0.672,0.674,0.678,0.675,0.68,0.682,0.685,0.685,0.689,0.691,0.693,0.696,0.696,0.705,0.698,0.7,0.706,0.705,0.705,0.71,0.711,0.714,0.716,0.718,0.719,0.722,0.727,0.723,0.725,0.726,0.728,0.731,0.729,0.734,0.737,0.736,0.74,0.742,0.743,0.746,0.744,0.748,0.751,0.75,0.748,0.757,0.758,0.762,0.755,0.759,0.76,0.763,0.764,0.764,0.767,0.772,0.774,0.773
C9,8-3,0.227,0.227,0.217,0.217,0.214,0.212,0.208,0.207,0.208,0.211,0.218,0.234,0.221,0.231,0.231,0.25,0.252,0.26,0.273,0.293,0.291,0.309,0.323,0.335,0.339,0.351,0.373,0.384,0.378,0.404,0.416,0.417,0.406,0.463,0.477,0.442,0.463,0.47,0.483,0.487,0.537,0.506,0.52,0.524,0.539,0.544,0.564,0.585,0.57,0.577,0.574,0.592,0.596,0.603,0.595,0.599,0.592,0.607,0.599,0.599,0.603,0.617,0.615,0.617,0.62,0.628,0.629,0.637,0.637,0.642,0.647,0.651,0.654,0.655,0.665,0.662,0.665,0.668,0.668,0.673,0.682,0.679,0.684,0.681,0.686,0.691,0.689,0.69,0.689,0.698,0.691,0.696,0.702,0.702,0.704,0.705,0.708,0.707,0.709,0.713,0.717,0.712,0.716,0.721,0.719,0.726,0.73,0.727,0.733,0.728,0.728,0.729,0.727,0.735,0.734,0.739,0.734,0.736,0.74,0.742,0.74,0.747,0.749,0.749,0.748,0.75,0.76,0.753,0.756,0.759,0.759,0.759,0.761,0.766,0.771,0.767,0.767,0.77,0.774,0.776,0.775,0.774,0.776,0.779,0.783
C10,8-3,0.227,0.228,0.227,0.222,0.207,0.213,0.205,0.205,0.209,0.201,0.214,0.209,0.216,0.242,0.218,0.238,0.257,0.246,0.275,0.297,0.312,0.324,0.336,0.349,0.34,0.351,0.366,0.353,0.371,0.392,0.404,0.428,0.4,0.418,0.469,0.426,0.455,0.459,0.487,0.497,0.502,0.507,0.524,0.538,0.549,0.557,0.567,0.579,0.574,0.584,0.578,0.58,0.591,0.598,0.59,0.596,0.589,0.599,0.595,0.591,0.597,0.614,0.614,0.621,0.624,0.63,0.634,0.643,0.64,0.647,0.649,0.657,0.661,0.663,0.67,0.671,0.672,0.674,0.675,0.677,0.684,0.686,0.687,0.687,0.692,0.698,0.696,0.698,0.699,0.703,0.703,0.708,0.709,0.709,0.71,0.712,0.718,0.715,0.722,0.723,0.729,0.722,0.729,0.727,0.731,0.73,0.735,0.736,0.743,0.742,0.742,0.741,0.745,0.746,0.745,0.748,0.746,0.751,0.751,0.752,0.753,0.759,0.761,0.761,0.758,0.764,0.766,0.768,0.77,0.769,0.772,0.771,0.778,0.78,0.779,0.778,0.778,0.781,0.786,0.786,0.788,0.788,0.792,0.795,0.794
C11,LB blank,0.221,0.218,0.202,0.194,0.192,0.186,0.184,0.178,0.161,0.17,0.168,0.158,0.131,0.163,0.13,0.159,0.16,0.134,0.137,0.118,0.136,0.146,0.148,0.149,0.099,0.12,0.155,0.122,0.094,0.125,0.127,0.123,0.1,0.099,0.09,0.091,0.095,0.09,0.149,0.139,0.128,0.091,0.092,0.086,0.137,0.102,0.096,0.11,0.14,0.147,0.112,0.113,0.104,0.097,0.095,0.094,0.11,0.149,0.097,0.097,0.102,0.107,0.096,0.104,0.147,0.108,0.14,0.104,0.105,0.11,0.122,0.113,0.128,0.146,0.156,0.121,0.12,0.13,0.143,0.137,0.149,0.14,0.152,0.148,0.15,0.143,0.155,0.153,0.178,0.191,0.204,0.211,0.204,0.245,0.234,0.251,0.255,0.263,0.276,0.272,0.303,0.305,0.311,0.338,0.35,0.33,0.34,0.331,0.344,0.352,0.356,0.375,0.383,0.404,0.403,0.416,0.464,0.469,0.48,0.501,0.496,0.505,0.509,0.514,0.521,0.524,0.529,0.539,0.55,0.547,0.56,0.555,0.562,0.575,0.576,0.575,0.58,0.585,0.592,0.589,0.595,0.6,0.6,0.606,0.604
C12,LB blank,0.218,0.21,0.201,0.193,0.187,0.183,0.176,0.175,0.151,0.146,0.166,0.118,0.114,0.113,0.098,0.112,0.102,0.094,0.141,0.145,0.124,0.148,0.102,0.12,0.148,0.124,0.105,0.151,0.141,0.09,0.105,0.114,0.094,0.087,0.099,0.09,0.079,0.099,0.091,0.126,0.088,0.084,0.086,0.088,0.091,0.087,0.097,0.09,0.085,0.097,0.095,0.086,0.13,0.087,0.093,0.091,0.093,0.098,0.091,0.089,0.138,0.145,0.108,0.09,0.086,0.096,0.087,0.099,0.126,0.085,0.133,0.09,0.088,0.091,0.15,0.084,0.086,0.087,0.085,0.136,0.145,0.134,0.11,0.099,0.092,0.134,0.136,0.09,0.097,0.132,0.129,0.084,0.084,0.138,0.09,0.137,0.087,0.082,0.094,0.087,0.13,0.097,0.086,0.099,0.132,0.132,0.085,0.133,0.136,0.108,0.092,0.108,0.136,0.153,0.085,0.137,0.101,0.142,0.119,0.132,0.132,0.092,0.104,0.101,0.143,0.144,0.1,0.143,0.109,0.105,0.119,0.14,0.146,0.094,0.11,0.134,0.142,0.101,0.095,0.134,0.093,0.097,0.094,0.103,0.105
D1,LB blank,0.138,0.162,0.138,0.161,0.171,0.161,0.158,0.15,0.152,0.15,0.121,0.132,0.136,0.151,0.146,0.131,0.151,0.14,0.127,0.142,0.127,0.144,0.119,0.111,0.134,0.09,0.145,0.134,0.142,0.139,0.137,0.138,0.157,0.14,0.118,0.131,0.131,0.14,0.136,0.122,0.147,0.145,0.141,0.141,0.138,0.15,0.155,0.146,0.145,0.155,0.151,0.136,0.143,0.153,0.159,0.147,0.146,0.146,0.16,0.138,0.129,0.16,0.16,0.132,0.145,0.149,0.157,0.149,0.154,0.138,0.153,0.148,0.149,0.153,0.159,0.153,0.143,0.151,0.143,0.146,0.149,0.132,0.132,0.148,0.161,0.152,0.147,0.156,0.153,0.133,0.146,0.161,0.152,0.146,0.147,0.146,0.112,0.151,0.117,0.129,0.163,0.121,0.127,0.148,0.149,0.147,0.145,0.152,0.152,0.16,0.156,0.154,0.157,0.163,0.157,0.159,0.156,0.137,0.129,0.149,0.149,0.154,0.156,0.155,0.155,0.126,0.158,0.157,0.151,0.145,0.148,0.159,0.134,0.093,0.159,0.156,0.156,0.16,0.156,0.157,0.16,0.128,0.131,0.129,0.157
D2,11-1,0.156,0.175,0.166,0.185,0.175,0.18,0.132,0.135,0.157,0.173,0.176,0.151,0.191,0.214,0.219,0.231,0.239,0.248,0.251,0.268,0.243,0.287,0.294,0.3,0.315,0.307,0.311,0.346,0.355,0.358,0.379,0.393,0.402,0.403,0.422,0.412,0.445,0.465,0.465,0.476,0.489,0.487,0.505,0.508,0.518,0.528,0.526,0.537,0.553,0.571,0.553,0.578,0.582,0.582,0.588,0.575,0.59,0.601,0.603,0.607,0.613,0.626,0.634,0.633,0.637,0.643,0.65,0.656,0.658,0.663,0.668,0.672,0.674,0.678,0.689,0.681,0.685,0.689,0.691,0.694,0.701,0.698,0.701,0.704,0.713,0.713,0.715,0.714,0.717,0.717,0.719,0.726,0.729,0.728,0.731,0.737,0.738,0.738,0.742,0.74,0.749,0.746,0.749,0.753,0.749,0.752,0.759,0.759,0.761,0.767,0.765,0.766,0.769,0.771,0.776,0.775,0.778,0.775,0.78,0.78,0.781,0.789,0.784,0.786,0.789,0.789,0.787,0.791,0.792,0.79,0.793,0.791,0.796,0.802,0.798,0.796,0.799,0.802,0.801,0.801,0.803,0.805,0.806,0.81,0.809
D3,11-1,0.187,0.178,0.178,0.192,0.156,0.182,0.171,0.177,0.177,0.15,0.152,0.149,0.168,0.221,0.231,0.217,0.242,0.256,0.248,0.279,0.278,0.285,0.306,0.298,0.322,0.334,0.351,0.352,0.365,0.376,0.386,0.386,0.413,0.405,0.43,0.418,0.467,0.474,0.483,0.5,0.501,0.497,0.527,0.522,0.526,0.523,0.519,0.539,0.543,0.555,0.541,0.561,0.561,0.58,0.567,0.57,0.569,0.573,0.579,0.581,0.591,0.597,0.607,0.604,0.608,0.618,0.62,0.626,0.627,0.632,0.637,0.642,0.645,0.647,0.661,0.65,0.657,0.657,0.666,0.666,0.67,0.672,0.673,0.673,0.682,0.683,0.685,0.689,0.69,0.692,0.694,0.699,0.7,0.701,0.703,0.709,0.711,0.712,0.715,0.714,0.723,0.719,0.722,0.727,0.726,0.727,0.732,0.733,0.737,0.745,0.739,0.739,0.742,0.748,0.749,0.75,0.75,0.75,0.753,0.754,0.756,0.761,0.76,0.76,0.761,0.764,0.766,0.766,0.768,0.767,0.768,0.769,0.773,0.775,0.776,0.776,0.777,0.778,0.778,0.782,0.783,0.784,0.784,0.787,0.789
D4,11-1,0.181,0.196,0.189,0.198,0.164,0.169,0.172,0.151,0.183,0.184,0.195,0.167,0.207,0.222,0.229,0.233,0.252,0.236,0.267,0.279,0.25,0.298,0.308,0.285,0.324,0.329,0.352,0.327,0.368,0.381,0.392,0.399,0.41,0.418,0.433,0.439,0.461,0.478,0.487,0.497,0.511,0.512,0.539,0.499,0.523,0.543,0.555,0.558,0.546,0.552,0.565,0.564,0.563,0.57,0.56,0.564,0.569,0.582,0.59,0.592,0.598,0.607,0.616,0.615,0.618,0.624,0.635,0.639,0.64,0.642,0.646,0.649,0.65,0.653,0.663,0.655,0.662,0.662,0.666,0.668,0.673,0.674,0.675,0.675,0.685,0.684,0.684,0.687,0.69,0.692,0.693,0.696,0.697,0.7,0.701,0.706,0.71,0.708,0.715,0.711,0.721,0.716,0.719,0.721,0.718,0.723,0.726,0.727,0.729,0.734,0.732,0.733,0.735,0.739,0.739,0.744,0.743,0.744,0.746,0.748,0.75,0.755,0.754,0.754,0.755,0.755,0.76,0.76,0.761,0.761,0.762,0.762,0.765,0.768,0.772,0.77,0.771,0.774,0.773,0.775,0.776,0.777,0.777,0.781,0.783
D5,14C-1,0.215,0.226,0.174,0.211,0.211,0.2,0.201,0.168,0.161,0.176,0.209,0.22,0.228,0.231,0.225,0.254,0.263,0.271,0.277,0.286,0.302,0.301,0.323,0.33,0.331,0.339,0.366,0.372,0.389,0.394,0.39,0.414,0.423,0.435,0.453,0.459,0.479,0.48,0.492,0.508,0.516,0.517,0.531,0.539,0.548,0.559,0.582,0.605,0.59,0.585,0.579,0.589,0.603,0.596,0.59,0.585,0.59,0.6,0.601,0.597,0.605,0.627,0.62,0.623,0.609,0.639,0.637,0.63,0.636,0.641,0.647,0.654,0.651,0.653,0.668,0.66,0.664,0.667,0.67,0.673,0.67,0.672,0.673,0.677,0.682,0.682,0.688,0.686,0.691,0.691,0.697,0.701,0.695,0.698,0.698,0.703,0.7,0.705,0.704,0.712,0.723,0.716,0.713,0.732,0.719,0.727,0.725,0.723,0.736,0.737,0.729,0.734,0.732,0.739,0.736,0.745,0.74,0.741,0.766,0.757,0.749,0.746,0.754,0.758,0.754,0.753,0.757,0.767,0.763,0.763,0.77,0.763,0.771,0.765,0.776,0.772,0.77,0.772,0.771,0.774,0.779,0.777,0.78,0.778,0.784
D6,14C-1,0.21,0.227,0.221,0.218,0.182,0.213,0.186,0.127,0.203,0.206,0.204,0.221,0.233,0.237,0.241,0.246,0.256,0.262,0.284,0.296,0.307,0.315,0.32,0.332,0.339,0.349,0.363,0.373,0.382,0.4,0.403,0.417,0.424,0.439,0.456,0.462,0.475,0.48,0.501,0.512,0.521,0.522,0.531,0.535,0.563,0.551,0.6,0.578,0.593,0.598,0.581,0.609,0.605,0.599,0.588,0.589,0.587,0.593,0.598,0.591,0.603,0.609,0.607,0.606,0.606,0.622,0.62,0.621,0.622,0.633,0.637,0.651,0.647,0.643,0.66,0.655,0.658,0.661,0.668,0.666,0.675,0.677,0.678,0.684,0.684,0.69,0.688,0.691,0.696,0.697,0.696,0.709,0.7,0.704,0.702,0.708,0.708,0.713,0.713,0.719,0.727,0.723,0.722,0.722,0.722,0.726,0.733,0.733,0.739,0.742,0.747,0.748,0.752,0.748,0.747,0.757,0.754,0.757,0.758,0.756,0.758,0.762,0.774,0.764,0.765,0.766,0.772,0.785,0.772,0.779,0.776,0.776,0.777,0.78,0.79,0.784,0.791,0.784,0.786,0.788,0.787,0.792,0.808,0.791,0.8
D7,14C-1,0.236,0.237,0.194,0.217,0.216,0.214,0.212,0.211,0.21,0.213,0.199,0.228,0.241,0.22,0.234,0.251,0.272,0.281,0.291,0.283,0.314,0.309,0.309,0.338,0.35,0.36,0.355,0.384,0.391,0.4,0.412,0.424,0.428,0.455,0.469,0.479,0.498,0.486,0.471,0.523,0.545,0.538,0.547,0.573,0.572,0.602,0.59,0.627,0.582,0.587,0.608,0.586,0.582,0.615,0.595,0.598,0.589,0.599,0.597,0.604,0.607,0.61,0.618,0.616,0.616,0.625,0.623,0.625,0.623,0.632,0.636,0.635,0.642,0.645,0.654,0.649,0.66,0.657,0.663,0.662,0.673,0.663,0.667,0.68,0.691,0.683,0.683,0.68,0.689,0.7,0.694,0.705,0.697,0.7,0.7,0.709,0.699,0.702,0.705,0.712,0.718,0.718,0.715,0.722,0.721,0.727,0.726,0.724,0.734,0.738,0.736,0.74,0.74,0.746,0.742,0.75,0.749,0.745,0.753,0.747,0.749,0.753,0.751,0.759,0.756,0.758,0.76,0.781,0.769,0.767,0.766,0.77,0.774,0.766,0.774,0.774,0.778,0.78,0.792,0.775,0.784,0.785,0.784,0.785,0.786
D8,14T-1,0.229,0.213,0.227,0.214,0.211,0.205,0.2,0.202,0.208,0.211,0.217,0.222,0.232,0.243,0.252,0.257,0.251,0.277,0.281,0.29,0.307,0.318,0.327,0.337,0.348,0.357,0.356,0.382,0.389,0.4,0.407,0.42,0.377,0.453,0.465,0.465,0.488,0.509,0.519,0.536,0.549,0.555,0.553,0.587,0.565,0.571,0.575,0.581,0.582,0.623,0.635,0.614,0.623,0.616,0.618,0.611,0.613,0.615,0.614,0.612,0.616,0.638,0.637,0.641,0.634,0.646,0.646,0.652,0.653,0.659,0.666,0.67,0.673,0.678,0.689,0.69,0.691,0.691,0.695,0.702,0.705,0.704,0.706,0.709,0.716,0.717,0.719,0.721,0.726,0.731,0.73,0.73,0.734,0.734,0.737,0.741,0.744,0.744,0.749,0.751,0.762,0.756,0.756,0.761,0.765,0.764,0.772,0.77,0.777,0.774,0.776,0.775,0.778,0.778,0.78,0.786,0.787,0.786,0.79,0.791,0.791,0.796,0.797,0.796,0.796,0.798,0.804,0.804,0.807,0.807,0.811,0.806,0.811,0.812,0.818,0.814,0.815,0.816,0.818,0.816,0.821,0.82,0.822,0.827,0.828
D9,14T-1,0.225,0.231,0.224,0.217,0.216,0.211,0.208,0.208,0.209,0.213,0.22,0.227,0.237,0.247,0.255,0.254,0.272,0.273,0.292,0.301,0.309,0.321,0.321,0.34,0.35,0.359,0.364,0.382,0.392,0.4,0.412,0.424,0.427,0.455,0.472,0.478,0.508,0.512,0.538,0.533,0.542,0.566,0.577,0.584,0.594,0.583,0.589,0.612,0.595,0.645,0.649,0.66,0.618,0.625,0.596,0.609,0.609,0.607,0.616,0.612,0.619,0.622,0.628,0.633,0.633,0.653,0.652,0.654,0.652,0.658,0.663,0.672,0.672,0.675,0.685,0.677,0.683,0.686,0.691,0.693,0.697,0.698,0.705,0.706,0.707,0.715,0.715,0.719,0.716,0.726,0.72,0.723,0.726,0.726,0.727,0.728,0.738,0.738,0.737,0.74,0.746,0.746,0.748,0.749,0.754,0.752,0.757,0.758,0.765,0.766,0.765,0.765,0.767,0.774,0.77,0.777,0.773,0.774,0.782,0.782,0.778,0.785,0.787,0.783,0.785,0.788,0.791,0.79,0.794,0.794,0.798,0.798,0.795,0.8,0.806,0.806,0.801,0.806,0.807,0.807,0.811,0.808,0.812,0.815,0.816
D10,14T-1,0.176,0.229,0.22,0.217,0.214,0.195,0.203,0.205,0.209,0.215,0.222,0.229,0.239,0.247,0.253,0.263,0.272,0.286,0.293,0.302,0.311,0.322,0.329,0.344,0.347,0.357,0.366,0.377,0.388,0.395,0.408,0.421,0.408,0.443,0.462,0.463,0.495,0.495,0.527,0.518,0.54,0.538,0.53,0.539,0.525,0.548,0.545,0.575,0.619,0.579,0.609,0.613,0.574,0.571,0.585,0.586,0.58,0.577,0.576,0.583,0.591,0.597,0.606,0.609,0.615,0.618,0.619,0.627,0.627,0.637,0.639,0.643,0.648,0.65,0.654,0.655,0.66,0.66,0.667,0.668,0.687,0.673,0.678,0.68,0.685,0.691,0.691,0.697,0.693,0.701,0.702,0.707,0.705,0.71,0.709,0.711,0.716,0.715,0.723,0.724,0.728,0.726,0.729,0.731,0.731,0.733,0.741,0.738,0.745,0.744,0.744,0.748,0.746,0.751,0.753,0.756,0.756,0.756,0.759,0.76,0.758,0.764,0.774,0.765,0.765,0.764,0.774,0.77,0.777,0.775,0.779,0.775,0.781,0.78,0.788,0.782,0.786,0.786,0.788,0.786,0.79,0.79,0.793,0.796,0.797
D11,LB blank,0.197,0.205,0.159,0.19,0.187,0.179,0.176,0.17,0.175,0.169,0.173,0.172,0.161,0.149,0.164,0.138,0.138,0.131,0.143,0.164,0.145,0.146,0.163,0.163,0.138,0.133,0.148,0.135,0.127,0.155,0.162,0.142,0.131,0.133,0.128,0.127,0.122,0.137,0.132,0.132,0.128,0.128,0.138,0.128,0.127,0.138,0.157,0.13,0.136,0.136,0.151,0.158,0.133,0.152,0.12,0.13,0.159,0.16,0.148,0.156,0.158,0.149,0.148,0.143,0.158,0.159,0.138,0.159,0.121,0.161,0.159,0.157,0.157,0.132,0.15,0.157,0.159,0.13,0.156,0.152,0.14,0.139,0.155,0.137,0.157,0.158,0.16,0.124,0.116,0.13,0.159,0.157,0.153,0.142,0.135,0.129,0.135,0.144,0.15,0.139,0.138,0.136,0.145,0.149,0.142,0.158,0.123,0.121,0.158,0.145,0.14,0.14,0.134,0.15,0.138,0.145,0.143,0.153,0.126,0.154,0.119,0.134,0.132,0.157,0.159,0.157,0.157,0.126,0.139,0.134,0.156,0.147,0.157,0.159,0.137,0.135,0.137,0.13,0.161,0.139,0.132,0.12,0.147,0.128,0.153
D12,LB blank,0.216,0.205,0.201,0.191,0.189,0.137,0.179,0.176,0.167,0.13,0.155,0.168,0.112,0.109,0.107,0.109,0.12,0.101,0.112,0.089,0.11,0.12,0.112,0.162,0.093,0.087,0.114,0.099,0.097,0.156,0.095,0.087,0.113,0.109,0.156,0.132,0.108,0.116,0.09,0.096,0.099,0.099,0.095,0.12,0.148,0.098,0.107,0.134,0.108,0.117,0.139,0.107,0.099,0.095,0.144,0.095,0.131,0.091,0.114,0.141,0.094,0.145,0.149,0.102,0.097,0.137,0.111,0.143,0.091,0.107,0.094,0.095,0.089,0.101,0.153,0.156,0.142,0.146,0.139,0.098,0.097,0.102,0.105,0.1,0.104,0.096,0.137,0.099,0.1,0.13,0.152,0.095,0.134,0.146,0.094,0.136,0.148,0.09,0.098,0.101,0.159,0.118,0.116,0.146,0.094,0.152,0.093,0.142,0.093,0.159,0.097,0.091,0.101,0.128,0.091,0.104,0.106,0.113,0.15,0.11,0.139,0.144,0.148,0.106,0.103,0.144,0.148,0.146,0.124,0.141,0.148,0.115,0.111,0.102,0.126,0.146,0.121,0.146,0.109,0.11,0.108,0.14,0.106,0.109,0.139
E1,LB blank,0.202,0.198,0.197,0.147,0.187,0.138,0.116,0.176,0.174,0.149,0.17,0.167,0.167,0.164,0.165,0.163,0.162,0.157,0.132,0.161,0.155,0.158,0.157,0.13,0.16,0.156,0.143,0.16,0.158,0.152,0.158,0.142,0.152,0.154,0.148,0.156,0.15,0.131,0.158,0.139,0.158,0.139,0.159,0.158,0.158,0.146,0.157,0.146,0.158,0.161,0.157,0.157,0.158,0.155,0.159,0.156,0.142,0.155,0.145,0.155,0.158,0.155,0.156,0.157,0.145,0.152,0.159,0.158,0.157,0.156,0.158,0.157,0.157,0.16,0.139,0.154,0.159,0.147,0.151,0.158,0.158,0.158,0.158,0.155,0.158,0.144,0.157,0.157,0.158,0.146,0.155,0.154,0.157,0.158,0.158,0.157,0.148,0.157,0.142,0.152,0.159,0.139,0.154,0.154,0.16,0.159,0.156,0.138,0.157,0.159,0.158,0.158,0.161,0.131,0.16,0.158,0.155,0.153,0.157,0.154,0.158,0.159,0.148,0.158,0.161,0.161,0.143,0.159,0.129,0.159,0.161,0.089,0.153,0.156,0.148,0.159,0.149,0.159,0.148,0.155,0.158,0.157,0.157,0.154,0.143
E2,27-1,0.258,0.249,0.214,0.211,0.202,0.201,0.2,0.198,0.195,0.203,0.205,0.214,0.222,0.197,0.24,0.233,0.259,0.268,0.242,0.289,0.249,0.303,0.316,0.325,0.294,0.344,0.352,0.365,0.375,0.387,0.39,0.394,0.381,0.4,0.391,0.409,0.429,0.443,0.46,0.468,0.489,0.49,0.501,0.506,0.525,0.545,0.563,0.583,0.581,0.588,0.588,0.601,0.604,0.611,0.613,0.61,0.616,0.62,0.622,0.631,0.647,0.647,0.661,0.671,0.676,0.684,0.69,0.688,0.701,0.701,0.713,0.715,0.721,0.73,0.732,0.734,0.735,0.742,0.741,0.741,0.74,0.742,0.746,0.746,0.747,0.749,0.743,0.731,0.726,0.72,0.715,0.708,0.703,0.696,0.694,0.694,0.696,0.688,0.69,0.691,0.688,0.689,0.692,0.689,0.689,0.689,0.697,0.694,0.696,0.695,0.693,0.695,0.696,0.697,0.699,0.7,0.7,0.694,0.699,0.698,0.7,0.703,0.699,0.7,0.703,0.703,0.703,0.702,0.706,0.704,0.708,0.706,0.705,0.709,0.707,0.708,0.71,0.709,0.708,0.711,0.714,0.71,0.712,0.713,0.71
E3,27-1,0.24,0.235,0.218,0.217,0.208,0.202,0.172,0.199,0.198,0.199,0.206,0.208,0.218,0.205,0.212,0.246,0.253,0.264,0.27,0.28,0.285,0.303,0.313,0.322,0.296,0.342,0.321,0.361,0.372,0.385,0.361,0.369,0.402,0.414,0.419,0.425,0.434,0.446,0.467,0.476,0.478,0.5,0.512,0.51,0.526,0.537,0.542,0.557,0.576,0.591,0.599,0.619,0.621,0.619,0.623,0.618,0.631,0.622,0.626,0.635,0.655,0.647,0.657,0.663,0.675,0.677,0.678,0.688,0.688,0.692,0.701,0.702,0.706,0.712,0.72,0.717,0.716,0.721,0.722,0.72,0.707,0.706,0.697,0.688,0.687,0.68,0.675,0.67,0.667,0.667,0.663,0.663,0.663,0.661,0.665,0.665,0.671,0.667,0.675,0.673,0.668,0.681,0.683,0.681,0.677,0.675,0.679,0.678,0.679,0.675,0.675,0.675,0.675,0.675,0.678,0.681,0.678,0.674,0.678,0.677,0.676,0.682,0.679,0.679,0.681,0.681,0.686,0.682,0.683,0.684,0.686,0.684,0.683,0.688,0.689,0.689,0.688,0.686,0.689,0.687,0.688,0.687,0.688,0.693,0.689
E4,27-1,0.276,0.231,0.228,0.222,0.245,0.247,0.202,0.2,0.2,0.203,0.21,0.213,0.219,0.202,0.238,0.245,0.258,0.265,0.273,0.284,0.285,0.307,0.314,0.298,0.33,0.343,0.314,0.362,0.372,0.385,0.396,0.401,0.401,0.411,0.416,0.44,0.435,0.44,0.485,0.476,0.489,0.493,0.502,0.505,0.525,0.535,0.561,0.582,0.585,0.582,0.586,0.603,0.605,0.607,0.606,0.604,0.621,0.616,0.614,0.633,0.634,0.635,0.646,0.653,0.66,0.662,0.669,0.681,0.675,0.68,0.686,0.69,0.694,0.7,0.705,0.703,0.7,0.707,0.705,0.698,0.692,0.688,0.684,0.673,0.68,0.684,0.674,0.666,0.664,0.664,0.663,0.652,0.658,0.659,0.658,0.654,0.664,0.658,0.661,0.661,0.656,0.664,0.665,0.665,0.67,0.667,0.67,0.668,0.667,0.665,0.664,0.668,0.666,0.664,0.671,0.671,0.668,0.664,0.671,0.669,0.668,0.671,0.671,0.672,0.672,0.673,0.678,0.676,0.674,0.677,0.677,0.674,0.676,0.676,0.678,0.678,0.679,0.679,0.677,0.676,0.678,0.679,0.677,0.677,0.679
E5,27-2,0.226,0.231,0.222,0.22,0.206,0.167,0.201,0.197,0.171,0.157,0.202,0.211,0.221,0.234,0.226,0.255,0.265,0.278,0.286,0.278,0.305,0.304,0.325,0.334,0.331,0.327,0.318,0.376,0.385,0.397,0.406,0.41,0.414,0.394,0.434,0.44,0.459,0.499,0.515,0.521,0.503,0.509,0.526,0.531,0.559,0.578,0.575,0.593,0.569,0.588,0.581,0.579,0.587,0.6,0.594,0.608,0.599,0.601,0.616,0.614,0.622,0.618,0.624,0.634,0.644,0.636,0.646,0.652,0.653,0.651,0.661,0.655,0.663,0.671,0.669,0.671,0.678,0.678,0.679,0.688,0.68,0.692,0.691,0.699,0.694,0.702,0.705,0.701,0.706,0.709,0.708,0.709,0.713,0.713,0.716,0.721,0.715,0.723,0.73,0.729,0.72,0.731,0.735,0.732,0.736,0.732,0.747,0.737,0.744,0.741,0.743,0.747,0.748,0.742,0.749,0.752,0.755,0.75,0.756,0.762,0.757,0.76,0.759,0.762,0.762,0.761,0.767,0.765,0.767,0.773,0.769,0.772,0.769,0.777,0.779,0.779,0.777,0.778,0.785,0.784,0.783,0.782,0.784,0.782,0.79
E6,27-2,0.225,0.222,0.214,0.213,0.206,0.203,0.198,0.197,0.196,0.146,0.201,0.207,0.219,0.233,0.244,0.254,0.266,0.275,0.287,0.277,0.306,0.318,0.328,0.338,0.348,0.36,0.37,0.38,0.382,0.405,0.411,0.395,0.409,0.444,0.465,0.47,0.485,0.496,0.524,0.545,0.54,0.538,0.639,0.565,0.596,0.595,0.587,0.604,0.59,0.595,0.605,0.605,0.607,0.61,0.611,0.61,0.612,0.62,0.622,0.633,0.634,0.62,0.631,0.638,0.642,0.648,0.651,0.662,0.652,0.653,0.663,0.663,0.665,0.679,0.676,0.674,0.679,0.681,0.683,0.691,0.692,0.691,0.696,0.698,0.701,0.705,0.704,0.71,0.707,0.718,0.717,0.713,0.725,0.722,0.721,0.722,0.733,0.753,0.737,0.733,0.731,0.735,0.732,0.736,0.736,0.742,0.744,0.747,0.748,0.747,0.747,0.753,0.752,0.747,0.754,0.756,0.758,0.758,0.763,0.766,0.763,0.769,0.768,0.769,0.77,0.77,0.772,0.775,0.776,0.776,0.779,0.78,0.78,0.782,0.785,0.785,0.79,0.787,0.787,0.789,0.794,0.794,0.795,0.795,0.797
E7,27-2,0.223,0.222,0.217,0.209,0.202,0.2,0.201,0.194,0.195,0.196,0.201,0.208,0.219,0.231,0.243,0.253,0.266,0.264,0.254,0.295,0.306,0.316,0.3,0.297,0.345,0.356,0.37,0.361,0.391,0.404,0.417,0.399,0.43,0.445,0.464,0.469,0.495,0.547,0.522,0.521,0.546,0.547,0.576,0.562,0.602,0.592,0.582,0.597,0.586,0.6,0.594,0.592,0.601,0.602,0.603,0.606,0.616,0.615,0.613,0.62,0.626,0.615,0.63,0.639,0.639,0.642,0.65,0.653,0.647,0.65,0.656,0.657,0.663,0.665,0.668,0.669,0.67,0.676,0.676,0.682,0.684,0.689,0.693,0.694,0.692,0.702,0.701,0.702,0.702,0.706,0.709,0.706,0.71,0.712,0.713,0.714,0.717,0.72,0.722,0.727,0.726,0.728,0.726,0.73,0.729,0.737,0.735,0.737,0.745,0.738,0.742,0.742,0.747,0.742,0.747,0.755,0.753,0.752,0.758,0.755,0.759,0.763,0.764,0.76,0.764,0.767,0.769,0.77,0.77,0.772,0.775,0.777,0.775,0.778,0.784,0.782,0.784,0.786,0.787,0.786,0.789,0.789,0.794,0.791,0.791
E8,32-1,0.222,0.227,0.216,0.211,0.208,0.163,0.209,0.2,0.2,0.196,0.207,0.213,0.225,0.237,0.249,0.259,0.267,0.28,0.289,0.303,0.307,0.321,0.319,0.33,0.353,0.362,0.376,0.388,0.397,0.413,0.423,0.426,0.436,0.422,0.479,0.488,0.493,0.514,0.526,0.554,0.524,0.574,0.589,0.563,0.559,0.59,0.59,0.608,0.592,0.636,0.598,0.604,0.618,0.623,0.606,0.609,0.617,0.606,0.601,0.611,0.63,0.614,0.631,0.634,0.64,0.639,0.643,0.648,0.647,0.65,0.655,0.659,0.663,0.668,0.671,0.673,0.676,0.677,0.681,0.682,0.69,0.692,0.692,0.694,0.698,0.703,0.7,0.705,0.707,0.714,0.712,0.709,0.716,0.717,0.718,0.717,0.723,0.726,0.728,0.73,0.728,0.73,0.732,0.735,0.732,0.736,0.742,0.738,0.744,0.742,0.745,0.749,0.749,0.745,0.754,0.757,0.761,0.756,0.761,0.762,0.759,0.765,0.768,0.765,0.765,0.769,0.773,0.772,0.77,0.774,0.776,0.775,0.776,0.782,0.782,0.783,0.782,0.786,0.787,0.783,0.789,0.789,0.79,0.788,0.793
E9,32-1,0.234,0.224,0.222,0.215,0.209,0.203,0.203,0.204,0.202,0.205,0.208,0.217,0.227,0.241,0.249,0.25,0.269,0.28,0.284,0.298,0.309,0.32,0.329,0.344,0.352,0.359,0.372,0.383,0.393,0.406,0.413,0.423,0.434,0.448,0.465,0.47,0.484,0.494,0.508,0.531,0.549,0.543,0.568,0.566,0.577,0.623,0.614,0.607,0.594,0.595,0.592,0.609,0.616,0.61,0.597,0.61,0.604,0.61,0.604,0.616,0.625,0.617,0.624,0.629,0.634,0.632,0.64,0.648,0.644,0.648,0.65,0.654,0.661,0.662,0.662,0.663,0.667,0.668,0.667,0.671,0.672,0.681,0.681,0.68,0.681,0.685,0.682,0.689,0.688,0.698,0.696,0.691,0.694,0.696,0.697,0.702,0.704,0.703,0.706,0.712,0.709,0.709,0.713,0.71,0.716,0.714,0.718,0.72,0.73,0.72,0.725,0.729,0.728,0.729,0.733,0.736,0.733,0.735,0.735,0.741,0.739,0.745,0.745,0.747,0.745,0.747,0.748,0.747,0.753,0.754,0.754,0.755,0.757,0.759,0.757,0.764,0.763,0.761,0.764,0.767,0.767,0.768,0.77,0.767,0.772
E10,32-1,0.234,0.225,0.221,0.209,0.205,0.202,0.199,0.196,0.198,0.2,0.206,0.213,0.225,0.239,0.247,0.257,0.269,0.281,0.289,0.301,0.308,0.321,0.324,0.339,0.35,0.36,0.367,0.374,0.387,0.401,0.402,0.407,0.422,0.434,0.434,0.484,0.471,0.474,0.484,0.543,0.499,0.519,0.558,0.572,0.584,0.595,0.58,0.599,0.616,0.604,0.574,0.59,0.605,0.595,0.606,0.598,0.609,0.61,0.604,0.618,0.624,0.619,0.626,0.634,0.636,0.642,0.648,0.651,0.649,0.651,0.658,0.658,0.666,0.671,0.665,0.669,0.673,0.673,0.675,0.68,0.677,0.689,0.683,0.685,0.685,0.691,0.685,0.692,0.692,0.702,0.699,0.697,0.704,0.698,0.704,0.705,0.71,0.708,0.709,0.712,0.714,0.714,0.715,0.717,0.714,0.718,0.723,0.723,0.727,0.723,0.727,0.728,0.729,0.732,0.737,0.738,0.743,0.739,0.742,0.743,0.743,0.745,0.748,0.75,0.75,0.747,0.752,0.752,0.755,0.754,0.754,0.757,0.758,0.762,0.765,0.763,0.764,0.765,0.768,0.77,0.771,0.772,0.774,0.774,0.775
E11,LB blank,0.21,0.208,0.206,0.195,0.188,0.185,0.179,0.184,0.183,0.177,0.171,0.179,0.167,0.173,0.166,0.133,0.133,0.108,0.154,0.137,0.115,0.162,0.145,0.092,0.1,0.093,0.087,0.092,0.099,0.087,0.09,0.09,0.101,0.1,0.113,0.091,0.09,0.094,0.093,0.142,0.089,0.145,0.09,0.088,0.085,0.083,0.141,0.132,0.089,0.097,0.143,0.155,0.084,0.082,0.09,0.08,0.093,0.084,0.093,0.093,0.092,0.085,0.095,0.13,0.138,0.085,0.085,0.082,0.097,0.091,0.094,0.151,0.101,0.149,0.137,0.094,0.089,0.088,0.097,0.089,0.145,0.137,0.09,0.148,0.101,0.141,0.132,0.148,0.095,0.147,0.149,0.091,0.093,0.097,0.144,0.155,0.155,0.101,0.096,0.093,0.086,0.089,0.138,0.093,0.11,0.097,0.096,0.092,0.092,0.107,0.093,0.097,0.089,0.153,0.087,0.092,0.102,0.146,0.096,0.084,0.088,0.103,0.084,0.109,0.108,0.147,0.156,0.095,0.087,0.093,0.099,0.145,0.15,0.097,0.146,0.141,0.147,0.115,0.095,0.09,0.101,0.093,0.149,0.112,0.094
E12,LB blank,0.212,0.203,0.206,0.188,0.185,0.183,0.177,0.175,0.171,0.171,0.166,0.168,0.151,0.14,0.133,0.161,0.148,0.119,0.15,0.115,0.105,0.13,0.117,0.13,0.115,0.132,0.158,0.119,0.12,0.156,0.156,0.153,0.153,0.103,0.145,0.107,0.133,0.155,0.123,0.154,0.152,0.124,0.104,0.111,0.103,0.112,0.151,0.105,0.138,0.13,0.154,0.125,0.113,0.131,0.099,0.124,0.106,0.151,0.158,0.105,0.156,0.143,0.15,0.098,0.153,0.153,0.148,0.12,0.116,0.1,0.106,0.153,0.104,0.124,0.116,0.115,0.121,0.152,0.146,0.108,0.159,0.151,0.142,0.157,0.098,0.125,0.115,0.11,0.116,0.154,0.109,0.108,0.11,0.155,0.102,0.113,0.115,0.105,0.114,0.149,0.125,0.111,0.132,0.114,0.113,0.149,0.11,0.11,0.109,0.11,0.149,0.119,0.111,0.16,0.158,0.107,0.152,0.123,0.133,0.126,0.113,0.124,0.109,0.13,0.14,0.124,0.102,0.155,0.121,0.111,0.121,0.125,0.15,0.149,0.134,0.12,0.115,0.137,0.099,0.125,0.118,0.102,0.146,0.135,0.122
F1,LB blank,0.109,0.115,0.168,0.128,0.173,0.171,0.169,0.164,0.16,0.157,0.108,0.106,0.132,0.156,0.16,0.159,0.149,0.148,0.104,0.136,0.12,0.097,0.134,0.143,0.077,0.106,0.13,0.138,0.142,0.132,0.148,0.148,0.109,0.125,0.141,0.145,0.147,0.15,0.103,0.147,0.154,0.108,0.112,0.154,0.149,0.15,0.113,0.139,0.144,0.146,0.111,0.121,0.152,0.149,0.151,0.153,0.132,0.112,0.105,0.098,0.145,0.135,0.128,0.149,0.106,0.075,0.103,0.14,0.148,0.146,0.152,0.118,0.115,0.153,0.105,0.149,0.151,0.153,0.103,0.149,0.148,0.152,0.132,0.111,0.135,0.147,0.151,0.145,0.149,0.142,0.149,0.133,0.151,0.15,0.081,0.149,0.154,0.118,0.132,0.122,0.13,0.119,0.114,0.154,0.125,0.153,0.154,0.153,0.15,0.141,0.153,0.153,0.155,0.144,0.124,0.155,0.154,0.157,0.153,0.134,0.156,0.14,0.155,0.117,0.155,0.153,0.156,0.126,0.111,0.156,0.155,0.122,0.157,0.121,0.155,0.155,0.153,0.155,0.117,0.155,0.155,0.153,0.156,0.152,0.154
F2,32-2,0.18,0.216,0.209,0.188,0.196,0.197,0.191,0.186,0.163,0.12,0.145,0.209,0.198,0.23,0.197,0.205,0.258,0.249,0.282,0.289,0.263,0.277,0.321,0.29,0.343,0.353,0.332,0.378,0.388,0.397,0.372,0.414,0.408,0.433,0.437,0.47,0.479,0.494,0.513,0.521,0.534,0.545,0.559,0.564,0.588,0.605,0.612,0.627,0.616,0.607,0.622,0.638,0.624,0.633,0.639,0.636,0.64,0.658,0.646,0.644,0.639,0.638,0.653,0.653,0.651,0.655,0.657,0.663,0.664,0.664,0.669,0.68,0.675,0.683,0.691,0.691,0.698,0.701,0.708,0.705,0.707,0.711,0.718,0.711,0.718,0.717,0.718,0.725,0.732,0.734,0.731,0.737,0.736,0.739,0.738,0.74,0.748,0.742,0.75,0.752,0.742,0.756,0.753,0.758,0.761,0.758,0.761,0.76,0.766,0.763,0.767,0.766,0.767,0.767,0.77,0.775,0.775,0.77,0.777,0.774,0.773,0.777,0.783,0.781,0.779,0.78,0.783,0.785,0.787,0.784,0.786,0.788,0.789,0.788,0.79,0.793,0.793,0.793,0.793,0.793,0.8,0.8,0.798,0.8,0.801
F3,32-2,0.202,0.221,0.215,0.211,0.203,0.202,0.194,0.191,0.146,0.187,0.151,0.206,0.209,0.229,0.199,0.178,0.256,0.264,0.276,0.287,0.281,0.288,0.32,0.328,0.34,0.323,0.346,0.384,0.395,0.394,0.376,0.399,0.414,0.44,0.441,0.479,0.495,0.507,0.521,0.526,0.543,0.552,0.571,0.582,0.609,0.62,0.63,0.643,0.626,0.617,0.639,0.643,0.648,0.646,0.647,0.642,0.656,0.664,0.665,0.67,0.671,0.66,0.662,0.657,0.67,0.665,0.667,0.667,0.672,0.672,0.683,0.687,0.696,0.693,0.696,0.698,0.707,0.708,0.716,0.715,0.727,0.72,0.72,0.731,0.73,0.726,0.732,0.728,0.732,0.742,0.74,0.743,0.747,0.751,0.746,0.753,0.751,0.757,0.754,0.76,0.747,0.76,0.757,0.765,0.748,0.76,0.76,0.761,0.762,0.772,0.767,0.771,0.771,0.774,0.775,0.776,0.781,0.78,0.783,0.784,0.787,0.785,0.784,0.786,0.791,0.79,0.79,0.792,0.796,0.791,0.801,0.799,0.801,0.799,0.8,0.8,0.803,0.803,0.802,0.804,0.805,0.81,0.81,0.809,0.808
F4,32-2,0.192,0.147,0.168,0.214,0.204,0.197,0.201,0.186,0.187,0.183,0.16,0.204,0.22,0.188,0.2,0.247,0.215,0.269,0.27,0.282,0.239,0.309,0.285,0.326,0.33,0.34,0.328,0.353,0.383,0.392,0.374,0.383,0.411,0.436,0.444,0.47,0.484,0.475,0.493,0.51,0.516,0.542,0.557,0.574,0.573,0.615,0.608,0.614,0.607,0.621,0.618,0.621,0.624,0.615,0.622,0.618,0.63,0.645,0.626,0.631,0.633,0.632,0.628,0.634,0.62,0.626,0.625,0.628,0.63,0.633,0.637,0.638,0.653,0.646,0.655,0.648,0.655,0.656,0.664,0.661,0.668,0.667,0.666,0.671,0.678,0.676,0.679,0.689,0.689,0.687,0.691,0.691,0.691,0.704,0.698,0.705,0.702,0.709,0.709,0.707,0.706,0.712,0.716,0.713,0.713,0.716,0.718,0.718,0.716,0.726,0.718,0.72,0.721,0.73,0.726,0.732,0.735,0.736,0.739,0.738,0.738,0.745,0.742,0.739,0.74,0.744,0.748,0.747,0.747,0.749,0.751,0.752,0.75,0.756,0.756,0.756,0.755,0.758,0.756,0.76,0.76,0.761,0.763,0.761,0.765
F5,35-3,0.201,0.212,0.217,0.21,0.202,0.185,0.191,0.174,0.156,0.164,0.168,0.179,0.178,0.192,0.183,0.226,0.185,0.224,0.235,0.234,0.265,0.272,0.287,0.289,0.314,0.33,0.343,0.356,0.366,0.372,0.375,0.367,0.365,0.376,0.385,0.409,0.411,0.408,0.416,0.423,0.423,0.433,0.431,0.443,0.445,0.439,0.442,0.446,0.452,0.448,0.457,0.458,0.457,0.457,0.463,0.473,0.473,0.477,0.473,0.478,0.479,0.494,0.492,0.488,0.491,0.492,0.48,0.494,0.495,0.487,0.495,0.497,0.499,0.503,0.517,0.509,0.509,0.513,0.511,0.516,0.516,0.519,0.523,0.527,0.539,0.543,0.542,0.552,0.561,0.571,0.575,0.582,0.584,0.589,0.598,0.601,0.608,0.61,0.615,0.622,0.62,0.627,0.636,0.635,0.646,0.651,0.654,0.656,0.661,0.666,0.663,0.667,0.672,0.675,0.675,0.677,0.68,0.68,0.68,0.687,0.689,0.692,0.694,0.693,0.699,0.697,0.699,0.693,0.703,0.693,0.7,0.697,0.698,0.699,0.691,0.692,0.687,0.686,0.682,0.682,0.681,0.675,0.675,0.686,0.669
F6,35-3,0.192,0.205,0.153,0.208,0.161,0.125,0.123,0.149,0.148,0.125,0.15,0.139,0.174,0.146,0.142,0.188,0.206,0.212,0.228,0.236,0.255,0.266,0.275,0.302,0.315,0.31,0.328,0.337,0.346,0.36,0.373,0.365,0.367,0.384,0.391,0.418,0.42,0.419,0.423,0.424,0.425,0.433,0.431,0.448,0.439,0.435,0.44,0.447,0.448,0.445,0.451,0.453,0.456,0.463,0.46,0.468,0.473,0.476,0.475,0.479,0.486,0.493,0.492,0.491,0.491,0.498,0.49,0.499,0.5,0.496,0.503,0.508,0.51,0.514,0.523,0.519,0.52,0.524,0.523,0.522,0.521,0.523,0.528,0.531,0.542,0.54,0.541,0.548,0.549,0.554,0.565,0.576,0.577,0.581,0.588,0.587,0.598,0.599,0.605,0.614,0.615,0.62,0.624,0.63,0.631,0.637,0.64,0.642,0.646,0.652,0.649,0.645,0.65,0.656,0.657,0.658,0.655,0.659,0.658,0.665,0.667,0.669,0.671,0.667,0.673,0.665,0.664,0.657,0.669,0.655,0.658,0.654,0.655,0.645,0.638,0.636,0.634,0.631,0.636,0.631,0.626,0.621,0.621,0.621,0.616
F7,35-3,0.173,0.22,0.219,0.207,0.2,0.172,0.13,0.17,0.161,0.164,0.134,0.149,0.176,0.167,0.175,0.186,0.194,0.218,0.216,0.239,0.258,0.268,0.28,0.279,0.317,0.319,0.335,0.341,0.342,0.365,0.378,0.366,0.362,0.364,0.382,0.402,0.401,0.408,0.413,0.42,0.429,0.429,0.436,0.437,0.433,0.432,0.43,0.441,0.433,0.437,0.446,0.443,0.447,0.449,0.453,0.457,0.464,0.461,0.466,0.467,0.469,0.481,0.474,0.483,0.488,0.481,0.479,0.486,0.488,0.485,0.488,0.494,0.499,0.499,0.505,0.503,0.504,0.506,0.507,0.502,0.505,0.508,0.512,0.522,0.526,0.53,0.53,0.543,0.541,0.549,0.554,0.563,0.569,0.57,0.577,0.579,0.589,0.587,0.592,0.601,0.603,0.606,0.613,0.614,0.619,0.623,0.629,0.628,0.629,0.631,0.631,0.632,0.634,0.638,0.638,0.64,0.638,0.641,0.637,0.645,0.645,0.647,0.65,0.645,0.651,0.65,0.65,0.648,0.653,0.647,0.651,0.65,0.65,0.648,0.647,0.645,0.641,0.643,0.637,0.638,0.636,0.637,0.633,0.633,0.627
F8,37-3,0.235,0.223,0.203,0.214,0.191,0.204,0.198,0.201,0.188,0.197,0.208,0.216,0.222,0.234,0.243,0.21,0.241,0.26,0.26,0.256,0.298,0.282,0.286,0.304,0.312,0.326,0.344,0.363,0.357,0.37,0.38,0.407,0.408,0.423,0.447,0.448,0.47,0.497,0.505,0.513,0.53,0.538,0.559,0.554,0.567,0.591,0.623,0.619,0.626,0.612,0.629,0.61,0.611,0.619,0.624,0.612,0.625,0.624,0.631,0.639,0.632,0.658,0.663,0.655,0.67,0.668,0.679,0.687,0.674,0.669,0.699,0.705,0.703,0.702,0.714,0.717,0.72,0.708,0.728,0.726,0.739,0.728,0.739,0.749,0.759,0.745,0.748,0.75,0.748,0.751,0.759,0.753,0.76,0.752,0.756,0.76,0.763,0.772,0.772,0.773,0.756,0.772,0.775,0.787,0.784,0.767,0.783,0.774,0.786,0.76,0.779,0.789,0.77,0.755,0.771,0.769,0.768,0.762,0.769,0.782,0.769,0.774,0.776,0.783,0.759,0.76,0.765,0.768,0.76,0.75,0.762,0.76,0.762,0.75,0.77,0.766,0.752,0.75,0.756,0.748,0.767,0.754,0.753,0.754,0.762
F9,37-3,0.238,0.225,0.23,0.218,0.152,0.181,0.195,0.183,0.165,0.172,0.208,0.223,0.226,0.205,0.213,0.213,0.234,0.247,0.23,0.261,0.272,0.285,0.292,0.304,0.312,0.311,0.336,0.35,0.362,0.364,0.373,0.4,0.426,0.43,0.442,0.461,0.478,0.489,0.508,0.51,0.53,0.545,0.555,0.564,0.57,0.578,0.603,0.611,0.601,0.608,0.6,0.596,0.6,0.618,0.617,0.612,0.61,0.615,0.623,0.617,0.629,0.644,0.639,0.648,0.648,0.651,0.673,0.67,0.665,0.677,0.685,0.697,0.701,0.694,0.721,0.711,0.721,0.717,0.731,0.722,0.742,0.725,0.73,0.73,0.741,0.744,0.743,0.75,0.745,0.741,0.753,0.733,0.738,0.741,0.745,0.756,0.757,0.745,0.749,0.745,0.737,0.745,0.755,0.756,0.752,0.743,0.756,0.748,0.749,0.752,0.741,0.749,0.754,0.764,0.742,0.749,0.755,0.743,0.745,0.743,0.731,0.74,0.731,0.733,0.747,0.736,0.731,0.731,0.749,0.732,0.739,0.721,0.733,0.726,0.73,0.73,0.721,0.734,0.741,0.724,0.724,0.728,0.725,0.736,0.726
F10,37-3,0.229,0.201,0.228,0.197,0.21,0.207,0.207,0.203,0.198,0.208,0.214,0.218,0.227,0.238,0.221,0.262,0.267,0.273,0.263,0.282,0.297,0.305,0.309,0.322,0.322,0.337,0.357,0.366,0.378,0.386,0.404,0.397,0.395,0.445,0.459,0.469,0.474,0.476,0.521,0.518,0.517,0.549,0.571,0.57,0.574,0.582,0.604,0.622,0.614,0.608,0.592,0.6,0.604,0.622,0.615,0.624,0.631,0.631,0.637,0.647,0.648,0.653,0.657,0.668,0.669,0.669,0.689,0.689,0.69,0.695,0.698,0.71,0.71,0.716,0.724,0.719,0.72,0.729,0.731,0.738,0.739,0.759,0.745,0.747,0.761,0.757,0.753,0.751,0.752,0.758,0.767,0.757,0.761,0.762,0.765,0.761,0.767,0.762,0.759,0.757,0.736,0.758,0.757,0.756,0.771,0.755,0.768,0.76,0.764,0.741,0.757,0.76,0.753,0.766,0.749,0.759,0.755,0.742,0.747,0.743,0.75,0.741,0.74,0.748,0.743,0.741,0.74,0.746,0.739,0.739,0.739,0.736,0.744,0.742,0.742,0.729,0.735,0.73,0.734,0.729,0.728,0.734,0.722,0.721,0.725
F11,LB blank,0.174,0.203,0.203,0.187,0.183,0.174,0.176,0.141,0.169,0.162,0.138,0.143,0.126,0.13,0.138,0.153,0.147,0.152,0.145,0.131,0.119,0.13,0.146,0.133,0.123,0.127,0.113,0.124,0.134,0.121,0.121,0.122,0.112,0.141,0.129,0.111,0.109,0.11,0.119,0.108,0.116,0.117,0.114,0.115,0.115,0.119,0.116,0.12,0.119,0.111,0.141,0.115,0.116,0.12,0.117,0.109,0.114,0.115,0.121,0.111,0.107,0.117,0.116,0.109,0.124,0.117,0.117,0.116,0.109,0.108,0.109,0.137,0.115,0.112,0.12,0.11,0.115,0.126,0.118,0.11,0.122,0.114,0.121,0.109,0.118,0.108,0.113,0.119,0.116,0.106,0.106,0.122,0.123,0.123,0.125,0.122,0.114,0.118,0.118,0.12,0.146,0.12,0.118,0.103,0.106,0.114,0.114,0.128,0.115,0.127,0.108,0.112,0.112,0.124,0.119,0.124,0.121,0.111,0.119,0.122,0.124,0.114,0.114,0.131,0.105,0.115,0.138,0.108,0.116,0.112,0.113,0.119,0.127,0.121,0.137,0.131,0.134,0.14,0.127,0.127,0.127,0.12,0.127,0.121,0.135
F12,LB blank,0.178,0.203,0.198,0.191,0.186,0.164,0.179,0.176,0.168,0.146,0.161,0.117,0.123,0.108,0.134,0.158,0.157,0.133,0.132,0.142,0.147,0.149,0.141,0.147,0.135,0.128,0.126,0.141,0.142,0.129,0.128,0.123,0.104,0.102,0.108,0.145,0.089,0.147,0.092,0.093,0.141,0.087,0.102,0.095,0.095,0.102,0.098,0.111,0.135,0.121,0.127,0.091,0.101,0.1,0.097,0.108,0.1,0.13,0.141,0.155,0.102,0.101,0.093,0.101,0.142,0.101,0.147,0.143,0.094,0.103,0.093,0.098,0.096,0.096,0.102,0.101,0.094,0.09,0.097,0.137,0.1,0.107,0.102,0.098,0.137,0.103,0.094,0.097,0.097,0.089,0.136,0.141,0.152,0.098,0.148,0.103,0.134,0.094,0.095,0.095,0.132,0.104,0.106,0.104,0.101,0.103,0.124,0.135,0.103,0.102,0.114,0.093,0.108,0.138,0.109,0.14,0.104,0.139,0.142,0.104,0.103,0.096,0.123,0.107,0.107,0.147,0.147,0.102,0.148,0.098,0.112,0.103,0.147,0.107,0.147,0.115,0.099,0.144,0.102,0.1,0.144,0.1,0.107,0.109,0.102
G1,LB blank,0.117,0.124,0.14,0.101,0.133,0.143,0.133,0.155,0.162,0.159,0.121,0.158,0.121,0.136,0.16,0.155,0.151,0.154,0.142,0.147,0.13,0.124,0.147,0.14,0.149,0.143,0.134,0.15,0.146,0.144,0.147,0.128,0.122,0.138,0.126,0.132,0.115,0.123,0.14,0.119,0.123,0.143,0.126,0.144,0.143,0.15,0.153,0.136,0.149,0.153,0.15,0.152,0.155,0.134,0.152,0.153,0.152,0.143,0.133,0.142,0.145,0.135,0.115,0.121,0.141,0.135,0.148,0.126,0.152,0.154,0.146,0.148,0.152,0.151,0.11,0.142,0.15,0.129,0.132,0.124,0.141,0.14,0.149,0.151,0.145,0.15,0.131,0.145,0.146,0.123,0.13,0.107,0.148,0.154,0.15,0.155,0.152,0.147,0.15,0.15,0.151,0.154,0.154,0.154,0.152,0.152,0.152,0.154,0.153,0.136,0.141,0.149,0.155,0.131,0.156,0.155,0.154,0.154,0.152,0.136,0.153,0.154,0.142,0.151,0.156,0.155,0.142,0.14,0.118,0.15,0.156,0.136,0.156,0.143,0.157,0.156,0.155,0.157,0.152,0.155,0.153,0.151,0.154,0.087,0.153
G2,LB blank,0.208,0.197,0.191,0.19,0.182,0.145,0.144,0.164,0.116,0.12,0.154,0.14,0.159,0.158,0.137,0.152,0.145,0.117,0.129,0.122,0.128,0.132,0.132,0.129,0.133,0.132,0.133,0.131,0.139,0.13,0.132,0.127,0.131,0.121,0.14,0.105,0.132,0.124,0.116,0.139,0.127,0.115,0.131,0.118,0.11,0.128,0.119,0.12,0.115,0.12,0.106,0.116,0.128,0.129,0.114,0.118,0.116,0.12,0.106,0.123,0.11,0.111,0.125,0.127,0.112,0.113,0.116,0.131,0.107,0.126,0.117,0.115,0.115,0.116,0.124,0.131,0.125,0.126,0.132,0.127,0.138,0.126,0.121,0.129,0.103,0.113,0.116,0.111,0.119,0.125,0.135,0.117,0.119,0.132,0.125,0.121,0.124,0.123,0.128,0.12,0.125,0.124,0.134,0.137,0.134,0.129,0.12,0.123,0.119,0.079,0.119,0.12,0.115,0.124,0.127,0.122,0.135,0.13,0.126,0.13,0.131,0.123,0.127,0.126,0.125,0.137,0.142,0.13,0.119,0.131,0.124,0.134,0.135,0.135,0.142,0.129,0.14,0.146,0.13,0.132,0.126,0.123,0.138,0.149,0.125
G3,LB blank,0.223,0.121,0.187,0.178,0.124,0.127,0.174,0.172,0.169,0.158,0.161,0.161,0.14,0.157,0.155,0.153,0.154,0.156,0.141,0.145,0.143,0.14,0.144,0.134,0.147,0.141,0.14,0.131,0.144,0.139,0.136,0.128,0.141,0.147,0.142,0.141,0.14,0.148,0.135,0.144,0.14,0.142,0.144,0.148,0.14,0.147,0.133,0.14,0.136,0.144,0.132,0.143,0.137,0.146,0.142,0.141,0.146,0.138,0.135,0.132,0.14,0.131,0.142,0.138,0.137,0.133,0.132,0.134,0.121,0.141,0.139,0.137,0.139,0.145,0.131,0.139,0.139,0.135,0.138,0.137,0.139,0.14,0.143,0.139,0.133,0.138,0.133,0.137,0.137,0.141,0.139,0.135,0.129,0.143,0.138,0.145,0.133,0.138,0.142,0.146,0.143,0.143,0.144,0.14,0.136,0.084,0.136,0.136,0.134,0.142,0.139,0.141,0.142,0.143,0.14,0.144,0.149,0.145,0.088,0.146,0.133,0.134,0.139,0.145,0.14,0.147,0.134,0.145,0.131,0.147,0.135,0.147,0.144,0.143,0.15,0.149,0.134,0.142,0.141,0.145,0.142,0.14,0.143,0.148,0.132
G4,LB blank,0.224,0.205,0.188,0.185,0.142,0.12,0.174,0.172,0.167,0.153,0.154,0.156,0.162,0.153,0.153,0.153,0.144,0.143,0.143,0.133,0.117,0.131,0.128,0.129,0.134,0.132,0.124,0.137,0.125,0.132,0.14,0.137,0.119,0.114,0.13,0.108,0.127,0.128,0.118,0.117,0.137,0.12,0.12,0.135,0.128,0.124,0.141,0.13,0.125,0.131,0.127,0.125,0.125,0.12,0.123,0.107,0.138,0.133,0.115,0.124,0.134,0.128,0.126,0.136,0.115,0.126,0.12,0.127,0.134,0.132,0.114,0.115,0.133,0.131,0.131,0.128,0.119,0.138,0.123,0.117,0.121,0.129,0.104,0.124,0.121,0.132,0.121,0.126,0.126,0.134,0.125,0.111,0.131,0.138,0.13,0.142,0.126,0.12,0.14,0.123,0.122,0.14,0.131,0.139,0.134,0.141,0.111,0.133,0.133,0.124,0.124,0.128,0.134,0.117,0.124,0.132,0.136,0.127,0.146,0.136,0.133,0.117,0.139,0.131,0.137,0.141,0.127,0.135,0.134,0.133,0.126,0.131,0.136,0.114,0.147,0.138,0.144,0.136,0.135,0.13,0.125,0.13,0.132,0.139,0.132
G5,LB blank,0.21,0.176,0.197,0.191,0.186,0.182,0.176,0.167,0.131,0.133,0.158,0.154,0.137,0.137,0.135,0.147,0.145,0.141,0.127,0.123,0.105,0.12,0.126,0.129,0.123,0.116,0.111,0.129,0.119,0.118,0.13,0.124,0.11,0.125,0.118,0.107,0.125,0.113,0.12,0.111,0.116,0.111,0.119,0.097,0.122,0.121,0.126,0.123,0.126,0.122,0.126,0.115,0.132,0.123,0.123,0.129,0.127,0.13,0.103,0.122,0.125,0.11,0.114,0.11,0.116,0.111,0.119,0.12,0.123,0.115,0.12,0.123,0.102,0.124,0.119,0.115,0.122,0.124,0.126,0.117,0.109,0.125,0.135,0.118,0.107,0.129,0.117,0.107,0.116,0.105,0.115,0.107,0.122,0.121,0.13,0.131,0.117,0.093,0.124,0.116,0.111,0.132,0.124,0.127,0.097,0.131,0.11,0.128,0.116,0.111,0.126,0.121,0.123,0.11,0.118,0.129,0.124,0.121,0.118,0.135,0.127,0.123,0.127,0.127,0.134,0.128,0.127,0.127,0.105,0.127,0.117,0.13,0.123,0.123,0.136,0.129,0.124,0.121,0.129,0.118,0.12,0.122,0.122,0.136,0.13
G6,LB blank,0.213,0.188,0.192,0.148,0.183,0.178,0.171,0.17,0.169,0.162,0.16,0.14,0.141,0.141,0.14,0.144,0.135,0.136,0.135,0.129,0.143,0.132,0.132,0.123,0.131,0.124,0.114,0.131,0.121,0.115,0.129,0.118,0.108,0.127,0.112,0.119,0.121,0.105,0.104,0.109,0.122,0.121,0.115,0.125,0.112,0.112,0.113,0.131,0.128,0.117,0.13,0.128,0.116,0.119,0.134,0.119,0.115,0.106,0.102,0.119,0.131,0.1,0.111,0.11,0.121,0.112,0.107,0.112,0.112,0.123,0.115,0.087,0.118,0.12,0.112,0.108,0.108,0.112,0.118,0.109,0.129,0.121,0.121,0.115,0.101,0.114,0.113,0.108,0.107,0.105,0.11,0.113,0.114,0.116,0.13,0.13,0.132,0.114,0.112,0.126,0.105,0.134,0.118,0.133,0.13,0.112,0.105,0.131,0.121,0.117,0.119,0.112,0.119,0.114,0.116,0.113,0.104,0.137,0.137,0.137,0.108,0.113,0.131,0.122,0.127,0.117,0.129,0.137,0.118,0.13,0.116,0.133,0.132,0.136,0.133,0.134,0.11,0.128,0.12,0.131,0.13,0.113,0.131,0.124,0.133
G7,LB blank,0.207,0.2,0.183,0.19,0.183,0.178,0.174,0.17,0.16,0.139,0.146,0.152,0.137,0.126,0.123,0.129,0.115,0.104,0.125,0.095,0.124,0.108,0.12,0.1,0.097,0.095,0.112,0.118,0.094,0.09,0.1,0.093,0.089,0.094,0.102,0.091,0.094,0.087,0.094,0.107,0.089,0.108,0.111,0.093,0.097,0.102,0.095,0.091,0.101,0.099,0.094,0.094,0.096,0.093,0.093,0.122,0.09,0.116,0.094,0.098,0.096,0.088,0.09,0.097,0.113,0.091,0.115,0.092,0.096,0.089,0.096,0.114,0.092,0.098,0.118,0.111,0.115,0.101,0.093,0.117,0.114,0.093,0.098,0.095,0.09,0.102,0.097,0.091,0.092,0.091,0.095,0.108,0.118,0.094,0.1,0.101,0.122,0.094,0.089,0.117,0.097,0.106,0.116,0.108,0.117,0.1,0.108,0.12,0.096,0.107,0.116,0.112,0.091,0.09,0.106,0.117,0.113,0.099,0.119,0.103,0.109,0.117,0.089,0.095,0.102,0.121,0.12,0.101,0.11,0.102,0.121,0.097,0.099,0.097,0.104,0.124,0.094,0.095,0.097,0.119,0.1,0.094,0.096,0.108,0.105
G8,LB blank,0.208,0.19,0.193,0.19,0.183,0.179,0.174,0.172,0.169,0.163,0.161,0.157,0.156,0.156,0.145,0.147,0.144,0.145,0.141,0.141,0.113,0.138,0.143,0.126,0.132,0.127,0.123,0.144,0.125,0.134,0.143,0.133,0.105,0.125,0.13,0.141,0.142,0.117,0.132,0.127,0.131,0.119,0.135,0.121,0.117,0.143,0.125,0.115,0.127,0.122,0.12,0.141,0.13,0.14,0.115,0.13,0.121,0.143,0.11,0.128,0.109,0.106,0.114,0.141,0.141,0.136,0.145,0.119,0.12,0.119,0.112,0.145,0.126,0.125,0.142,0.132,0.145,0.126,0.134,0.123,0.129,0.148,0.122,0.142,0.119,0.122,0.141,0.135,0.115,0.126,0.143,0.134,0.143,0.122,0.13,0.143,0.148,0.12,0.126,0.111,0.121,0.127,0.114,0.128,0.123,0.127,0.127,0.128,0.139,0.116,0.129,0.121,0.132,0.123,0.121,0.147,0.15,0.134,0.128,0.146,0.132,0.131,0.126,0.131,0.143,0.137,0.138,0.136,0.117,0.132,0.137,0.136,0.148,0.145,0.125,0.132,0.101,0.121,0.128,0.118,0.12,0.141,0.125,0.146,0.129
G9,LB blank,0.187,0.19,0.194,0.155,0.182,0.178,0.168,0.158,0.169,0.157,0.149,0.143,0.144,0.151,0.121,0.13,0.13,0.124,0.112,0.118,0.098,0.145,0.141,0.12,0.108,0.135,0.107,0.105,0.108,0.098,0.115,0.098,0.104,0.102,0.13,0.139,0.096,0.11,0.132,0.112,0.097,0.112,0.097,0.136,0.089,0.139,0.115,0.137,0.104,0.112,0.104,0.097,0.116,0.137,0.1,0.115,0.138,0.102,0.092,0.132,0.101,0.134,0.101,0.115,0.106,0.139,0.098,0.138,0.095,0.139,0.105,0.135,0.096,0.113,0.143,0.14,0.141,0.095,0.135,0.134,0.098,0.092,0.126,0.105,0.088,0.094,0.099,0.087,0.103,0.109,0.106,0.092,0.132,0.116,0.104,0.112,0.111,0.132,0.14,0.096,0.137,0.136,0.11,0.113,0.136,0.117,0.14,0.109,0.096,0.095,0.113,0.113,0.114,0.139,0.143,0.133,0.104,0.136,0.112,0.142,0.106,0.103,0.106,0.105,0.105,0.098,0.114,0.113,0.094,0.138,0.112,0.141,0.146,0.093,0.1,0.123,0.107,0.131,0.11,0.138,0.078,0.099,0.131,0.105,0.139
G10,LB blank,0.2,0.196,0.194,0.186,0.182,0.177,0.174,0.17,0.168,0.15,0.164,0.154,0.122,0.125,0.106,0.157,0.155,0.097,0.123,0.107,0.114,0.096,0.15,0.147,0.101,0.093,0.1,0.148,0.089,0.106,0.103,0.101,0.099,0.091,0.111,0.086,0.143,0.147,0.106,0.108,0.11,0.107,0.143,0.105,0.101,0.153,0.1,0.104,0.12,0.1,0.111,0.147,0.123,0.134,0.108,0.146,0.12,0.109,0.101,0.12,0.143,0.103,0.103,0.1,0.145,0.14,0.15,0.104,0.103,0.093,0.097,0.143,0.152,0.121,0.112,0.094,0.144,0.103,0.11,0.148,0.104,0.145,0.144,0.149,0.098,0.144,0.147,0.107,0.147,0.141,0.098,0.096,0.102,0.095,0.147,0.108,0.106,0.099,0.1,0.117,0.097,0.099,0.116,0.148,0.148,0.147,0.102,0.15,0.1,0.143,0.15,0.119,0.125,0.143,0.15,0.149,0.144,0.152,0.121,0.112,0.148,0.117,0.138,0.11,0.103,0.118,0.097,0.11,0.143,0.108,0.094,0.113,0.119,0.117,0.093,0.111,0.091,0.092,0.107,0.099,0.098,0.097,0.085,0.101,0.106
G11,LB blank,0.198,0.178,0.196,0.189,0.183,0.179,0.177,0.172,0.164,0.168,0.166,0.161,0.161,0.164,0.159,0.153,0.147,0.15,0.148,0.134,0.133,0.123,0.138,0.15,0.135,0.151,0.125,0.128,0.145,0.123,0.137,0.149,0.149,0.137,0.114,0.138,0.135,0.154,0.136,0.137,0.123,0.129,0.152,0.124,0.153,0.153,0.14,0.127,0.15,0.151,0.135,0.125,0.127,0.145,0.153,0.137,0.154,0.153,0.143,0.133,0.138,0.139,0.15,0.149,0.151,0.149,0.151,0.153,0.152,0.15,0.147,0.154,0.156,0.156,0.156,0.148,0.163,0.165,0.167,0.169,0.176,0.184,0.191,0.2,0.203,0.219,0.229,0.237,0.25,0.259,0.267,0.276,0.286,0.298,0.306,0.316,0.329,0.339,0.349,0.36,0.369,0.384,0.393,0.399,0.407,0.417,0.395,0.419,0.426,0.456,0.48,0.491,0.478,0.49,0.503,0.508,0.536,0.566,0.547,0.552,0.557,0.561,0.563,0.57,0.575,0.588,0.581,0.604,0.602,0.603,0.604,0.603,0.601,0.606,0.606,0.607,0.608,0.61,0.618,0.614,0.617,0.62,0.621,0.624,0.623
G12,LB blank,0.185,0.199,0.193,0.171,0.182,0.178,0.176,0.172,0.171,0.16,0.168,0.153,0.159,0.158,0.161,0.142,0.137,0.124,0.123,0.128,0.127,0.104,0.115,0.125,0.111,0.15,0.149,0.13,0.155,0.124,0.109,0.152,0.104,0.113,0.137,0.15,0.156,0.132,0.159,0.118,0.118,0.128,0.124,0.156,0.143,0.14,0.157,0.102,0.157,0.146,0.154,0.112,0.153,0.139,0.123,0.152,0.141,0.126,0.118,0.138,0.134,0.105,0.146,0.118,0.131,0.154,0.122,0.158,0.158,0.135,0.162,0.159,0.154,0.16,0.135,0.16,0.134,0.16,0.161,0.135,0.163,0.161,0.162,0.148,0.116,0.127,0.129,0.159,0.151,0.138,0.137,0.146,0.159,0.137,0.16,0.157,0.136,0.159,0.158,0.158,0.123,0.159,0.138,0.145,0.153,0.156,0.136,0.131,0.136,0.116,0.119,0.161,0.14,0.135,0.151,0.16,0.125,0.157,0.16,0.14,0.158,0.148,0.133,0.14,0.161,0.155,0.163,0.127,0.129,0.159,0.137,0.143,0.158,0.156,0.16,0.157,0.138,0.125,0.156,0.125,0.141,0.131,0.128,0.136,0.157
H1,LB blank,0.125,0.115,0.12,0.12,0.128,0.107,0.127,0.098,0.13,0.119,0.095,0.101,0.106,0.107,0.117,0.11,0.106,0.106,0.081,0.118,0.095,0.11,0.084,0.108,0.1,0.094,0.098,0.109,0.099,0.089,0.11,0.093,0.088,0.082,0.085,0.082,0.095,0.089,0.094,0.101,0.097,0.082,0.086,0.099,0.091,0.104,0.092,0.097,0.082,0.097,0.076,0.089,0.105,0.095,0.085,0.093,0.101,0.106,0.095,0.093,0.085,0.096,0.087,0.09,0.088,0.088,0.074,0.082,0.092,0.109,0.093,0.083,0.103,0.103,0.098,0.106,0.096,0.095,0.086,0.097,0.083,0.112,0.118,0.11,0.086,0.099,0.103,0.096,0.087,0.095,0.101,0.096,0.1,0.084,0.099,0.103,0.088,0.084,0.106,0.097,0.095,0.108,0.102,0.118,0.099,0.085,0.073,0.1,0.099,0.104,0.108,0.094,0.101,0.091,0.106,0.108,0.103,0.087,0.084,0.101,0.086,0.108,0.09,0.098,0.087,0.105,0.084,0.09,0.083,0.089,0.1,0.09,0.115,0.103,0.106,0.093,0.098,0.106,0.07,0.101,0.099,0.091,0.098,0.099,0.103
H2,LB blank,0.109,0.139,0.125,0.124,0.123,0.13,0.128,0.129,0.133,0.102,0.136,0.134,0.141,0.123,0.141,0.124,0.116,0.126,0.122,0.132,0.112,0.125,0.092,0.124,0.117,0.119,0.12,0.082,0.13,0.101,0.133,0.108,0.101,0.104,0.105,0.107,0.112,0.092,0.098,0.113,0.121,0.112,0.109,0.124,0.099,0.104,0.095,0.122,0.097,0.129,0.122,0.118,0.134,0.12,0.107,0.115,0.113,0.098,0.098,0.116,0.117,0.109,0.112,0.119,0.109,0.109,0.116,0.092,0.087,0.118,0.091,0.114,0.125,0.125,0.111,0.097,0.103,0.114,0.125,0.094,0.112,0.116,0.127,0.117,0.113,0.115,0.123,0.113,0.122,0.104,0.091,0.095,0.117,0.102,0.112,0.117,0.089,0.095,0.12,0.095,0.094,0.12,0.121,0.1,0.118,0.11,0.11,0.094,0.11,0.121,0.105,0.106,0.1,0.116,0.123,0.129,0.089,0.111,0.129,0.117,0.102,0.098,0.109,0.098,0.124,0.127,0.133,0.126,0.095,0.115,0.101,0.11,0.118,0.1,0.103,0.124,0.118,0.102,0.079,0.098,0.106,0.106,0.108,0.095,0.1
H3,LB blank,0.113,0.132,0.146,0.142,0.118,0.113,0.137,0.132,0.136,0.127,0.138,0.134,0.132,0.1,0.144,0.138,0.115,0.122,0.123,0.119,0.141,0.142,0.129,0.131,0.124,0.113,0.116,0.131,0.13,0.127,0.101,0.096,0.104,0.117,0.118,0.111,0.109,0.111,0.115,0.113,0.117,0.119,0.119,0.127,0.135,0.114,0.12,0.131,0.113,0.133,0.116,0.137,0.117,0.117,0.129,0.135,0.133,0.12,0.103,0.121,0.125,0.101,0.114,0.122,0.119,0.119,0.139,0.103,0.122,0.13,0.124,0.131,0.114,0.11,0.117,0.124,0.126,0.083,0.136,0.105,0.119,0.131,0.125,0.124,0.119,0.121,0.138,0.122,0.13,0.118,0.103,0.103,0.126,0.099,0.109,0.126,0.119,0.121,0.123,0.11,0.104,0.143,0.134,0.139,0.121,0.117,0.119,0.108,0.115,0.124,0.128,0.128,0.13,0.121,0.135,0.123,0.114,0.137,0.116,0.128,0.121,0.131,0.112,0.131,0.112,0.132,0.14,0.134,0.106,0.107,0.143,0.138,0.144,0.11,0.137,0.133,0.131,0.137,0.13,0.129,0.121,0.129,0.137,0.128,0.129
H4,LB blank,0.133,0.106,0.14,0.139,0.135,0.113,0.148,0.145,0.153,0.106,0.116,0.14,0.135,0.106,0.141,0.138,0.136,0.138,0.134,0.113,0.127,0.133,0.083,0.117,0.125,0.121,0.129,0.12,0.12,0.112,0.14,0.122,0.117,0.115,0.117,0.117,0.109,0.113,0.116,0.117,0.118,0.115,0.123,0.12,0.124,0.102,0.141,0.113,0.121,0.134,0.126,0.126,0.084,0.115,0.111,0.127,0.125,0.084,0.121,0.12,0.113,0.103,0.117,0.105,0.118,0.098,0.108,0.106,0.116,0.127,0.121,0.126,0.127,0.124,0.12,0.124,0.119,0.11,0.106,0.105,0.122,0.127,0.131,0.124,0.122,0.119,0.112,0.084,0.109,0.092,0.101,0.114,0.119,0.109,0.096,0.109,0.115,0.124,0.123,0.121,0.097,0.127,0.138,0.11,0.121,0.094,0.118,0.123,0.121,0.115,0.126,0.114,0.124,0.103,0.122,0.123,0.126,0.127,0.108,0.124,0.125,0.135,0.102,0.118,0.12,0.126,0.121,0.083,0.113,0.119,0.107,0.12,0.128,0.12,0.126,0.125,0.113,0.13,0.101,0.118,0.115,0.112,0.105,0.122,0.115
H5,LB blank,0.121,0.143,0.119,0.129,0.131,0.124,0.144,0.138,0.124,0.135,0.144,0.136,0.131,0.13,0.116,0.13,0.125,0.1,0.121,0.117,0.119,0.125,0.123,0.123,0.121,0.099,0.117,0.127,0.127,0.123,0.121,0.114,0.104,0.113,0.113,0.115,0.119,0.112,0.1,0.113,0.119,0.105,0.12,0.119,0.123,0.106,0.127,0.122,0.112,0.118,0.131,0.12,0.13,0.127,0.126,0.109,0.115,0.125,0.114,0.119,0.125,0.108,0.102,0.102,0.117,0.112,0.125,0.121,0.109,0.119,0.106,0.12,0.126,0.112,0.119,0.122,0.123,0.119,0.122,0.103,0.119,0.124,0.123,0.118,0.114,0.105,0.106,0.11,0.108,0.101,0.119,0.112,0.123,0.123,0.108,0.124,0.079,0.119,0.108,0.118,0.114,0.126,0.127,0.117,0.119,0.105,0.11,0.121,0.117,0.121,0.122,0.112,0.125,0.083,0.119,0.114,0.109,0.117,0.106,0.124,0.125,0.123,0.089,0.105,0.11,0.12,0.105,0.116,0.1,0.119,0.12,0.108,0.116,0.124,0.122,0.122,0.109,0.119,0.107,0.11,0.118,0.114,0.117,0.12,0.123
H6,LB blank,0.115,0.149,0.19,0.179,0.148,0.164,0.148,0.146,0.143,0.137,0.143,0.124,0.12,0.125,0.115,0.129,0.118,0.109,0.122,0.115,0.128,0.117,0.102,0.118,0.103,0.113,0.117,0.121,0.118,0.117,0.123,0.099,0.095,0.108,0.114,0.109,0.116,0.113,0.097,0.102,0.104,0.101,0.101,0.117,0.114,0.121,0.113,0.119,0.117,0.12,0.118,0.107,0.111,0.121,0.118,0.122,0.117,0.116,0.104,0.105,0.106,0.106,0.115,0.117,0.122,0.107,0.117,0.117,0.118,0.118,0.117,0.119,0.122,0.118,0.105,0.119,0.117,0.108,0.118,0.121,0.124,0.119,0.12,0.103,0.118,0.106,0.11,0.109,0.116,0.117,0.11,0.095,0.117,0.116,0.12,0.111,0.118,0.115,0.115,0.106,0.099,0.115,0.12,0.121,0.09,0.114,0.112,0.118,0.107,0.117,0.122,0.109,0.123,0.099,0.094,0.115,0.119,0.118,0.115,0.12,0.122,0.12,0.118,0.116,0.122,0.121,0.105,0.117,0.098,0.107,0.117,0.116,0.123,0.119,0.121,0.118,0.114,0.116,0.119,0.115,0.115,0.115,0.109,0.117,0.107
H7,LB blank,0.128,0.19,0.201,0.134,0.163,0.159,0.159,0.124,0.159,0.118,0.123,0.138,0.142,0.139,0.136,0.141,0.125,0.129,0.122,0.134,0.136,0.135,0.107,0.13,0.132,0.126,0.115,0.136,0.134,0.128,0.132,0.113,0.114,0.123,0.125,0.13,0.128,0.125,0.127,0.127,0.128,0.13,0.13,0.128,0.132,0.128,0.133,0.134,0.132,0.125,0.13,0.13,0.135,0.125,0.132,0.133,0.134,0.131,0.125,0.129,0.091,0.128,0.126,0.127,0.109,0.125,0.106,0.13,0.127,0.132,0.131,0.112,0.117,0.131,0.117,0.133,0.134,0.125,0.128,0.13,0.131,0.134,0.118,0.118,0.126,0.112,0.109,0.129,0.128,0.118,0.127,0.124,0.121,0.128,0.129,0.122,0.129,0.116,0.122,0.131,0.125,0.132,0.134,0.134,0.131,0.119,0.131,0.137,0.12,0.119,0.13,0.13,0.124,0.125,0.134,0.127,0.127,0.115,0.127,0.123,0.131,0.135,0.12,0.114,0.134,0.129,0.135,0.126,0.123,0.131,0.133,0.132,0.127,0.13,0.129,0.127,0.129,0.131,0.131,0.13,0.121,0.133,0.127,0.129,0.13
H8,LB blank,0.157,0.111,0.16,0.185,0.168,0.173,0.168,0.159,0.141,0.148,0.138,0.146,0.149,0.154,0.142,0.146,0.152,0.144,0.136,0.139,0.136,0.142,0.137,0.137,0.135,0.133,0.141,0.138,0.138,0.134,0.128,0.129,0.136,0.132,0.137,0.135,0.129,0.136,0.132,0.133,0.135,0.136,0.139,0.138,0.133,0.138,0.143,0.143,0.138,0.14,0.136,0.14,0.139,0.136,0.142,0.14,0.142,0.136,0.141,0.137,0.14,0.136,0.137,0.128,0.138,0.142,0.139,0.102,0.138,0.137,0.142,0.141,0.139,0.141,0.14,0.136,0.142,0.143,0.14,0.139,0.14,0.14,0.141,0.144,0.144,0.142,0.146,0.134,0.129,0.137,0.141,0.142,0.141,0.137,0.139,0.142,0.14,0.14,0.135,0.136,0.14,0.137,0.145,0.137,0.144,0.14,0.139,0.142,0.141,0.144,0.136,0.139,0.142,0.142,0.141,0.144,0.138,0.137,0.142,0.136,0.102,0.14,0.139,0.135,0.136,0.142,0.138,0.131,0.141,0.139,0.134,0.139,0.138,0.139,0.137,0.137,0.135,0.139,0.14,0.135,0.136,0.136,0.139,0.142,0.14
H9,LB blank,0.137,0.135,0.191,0.191,0.163,0.149,0.168,0.157,0.155,0.143,0.148,0.145,0.145,0.153,0.146,0.147,0.152,0.15,0.138,0.135,0.144,0.139,0.138,0.118,0.142,0.134,0.147,0.144,0.14,0.134,0.135,0.122,0.099,0.134,0.141,0.139,0.135,0.138,0.137,0.116,0.136,0.138,0.138,0.14,0.137,0.147,0.144,0.141,0.135,0.132,0.142,0.14,0.144,0.14,0.143,0.141,0.141,0.142,0.137,0.142,0.14,0.138,0.132,0.136,0.112,0.127,0.141,0.139,0.144,0.141,0.141,0.142,0.145,0.137,0.141,0.143,0.136,0.139,0.134,0.133,0.139,0.14,0.14,0.141,0.138,0.139,0.145,0.14,0.141,0.144,0.137,0.132,0.142,0.138,0.139,0.141,0.137,0.14,0.108,0.139,0.14,0.143,0.144,0.14,0.14,0.141,0.138,0.144,0.142,0.14,0.138,0.139,0.142,0.141,0.141,0.144,0.145,0.137,0.136,0.147,0.142,0.142,0.14,0.14,0.14,0.137,0.139,0.134,0.142,0.141,0.14,0.142,0.139,0.143,0.132,0.137,0.137,0.141,0.144,0.141,0.14,0.14,0.138,0.14,0.141
H10,LB blank,0.154,0.183,0.186,0.186,0.185,0.17,0.173,0.17,0.162,0.156,0.15,0.151,0.148,0.153,0.156,0.149,0.145,0.148,0.136,0.134,0.137,0.136,0.132,0.135,0.133,0.143,0.145,0.141,0.131,0.135,0.142,0.127,0.118,0.126,0.146,0.122,0.145,0.145,0.128,0.13,0.133,0.145,0.133,0.147,0.144,0.136,0.147,0.135,0.135,0.141,0.132,0.134,0.142,0.131,0.135,0.128,0.131,0.133,0.134,0.135,0.133,0.141,0.137,0.128,0.145,0.13,0.132,0.15,0.148,0.133,0.13,0.138,0.136,0.132,0.151,0.129,0.137,0.146,0.145,0.146,0.134,0.13,0.138,0.135,0.13,0.129,0.129,0.133,0.127,0.137,0.143,0.146,0.14,0.128,0.137,0.154,0.138,0.134,0.128,0.133,0.137,0.135,0.145,0.13,0.144,0.145,0.13,0.15,0.149,0.148,0.135,0.144,0.147,0.133,0.133,0.137,0.145,0.148,0.148,0.151,0.134,0.137,0.132,0.131,0.135,0.139,0.149,0.134,0.146,0.138,0.13,0.128,0.15,0.15,0.143,0.131,0.13,0.138,0.149,0.149,0.13,0.147,0.14,0.149,0.136
H11,LB blank,0.157,0.19,0.193,0.189,0.183,0.177,0.169,0.168,0.167,0.158,0.111,0.147,0.141,0.136,0.153,0.141,0.134,0.135,0.139,0.147,0.133,0.127,0.149,0.139,0.143,0.127,0.135,0.14,0.141,0.135,0.147,0.132,0.124,0.115,0.133,0.133,0.141,0.148,0.141,0.139,0.133,0.136,0.135,0.135,0.143,0.148,0.141,0.145,0.144,0.153,0.144,0.147,0.156,0.146,0.15,0.156,0.159,0.16,0.158,0.165,0.173,0.177,0.183,0.2,0.214,0.214,0.229,0.244,0.252,0.254,0.277,0.282,0.29,0.302,0.309,0.327,0.339,0.348,0.356,0.371,0.381,0.396,0.403,0.411,0.422,0.431,0.433,0.441,0.449,0.463,0.485,0.495,0.506,0.517,0.527,0.53,0.565,0.581,0.574,0.58,0.611,0.597,0.607,0.62,0.622,0.629,0.653,0.646,0.656,0.658,0.665,0.671,0.685,0.69,0.694,0.706,0.711,0.718,0.723,0.733,0.738,0.747,0.75,0.764,0.77,0.774,0.781,0.785,0.797,0.798,0.802,0.807,0.812,0.815,0.82,0.823,0.826,0.829,0.834,0.838,0.841,0.841,0.846,0.85,0.852
H12,LB blank,0.19,0.191,0.183,0.194,0.192,0.162,0.166,0.153,0.142,0.129,0.136,0.103,0.106,0.124,0.156,0.125,0.14,0.107,0.11,0.116,0.105,0.135,0.152,0.129,0.159,0.116,0.153,0.128,0.121,0.11,0.112,0.148,0.149,0.111,0.119,0.111,0.152,0.151,0.123,0.129,0.121,0.108,0.118,0.122,0.148,0.157,0.156,0.122,0.124,0.136,0.12,0.109,0.16,0.127,0.115,0.159,0.138,0.137,0.128,0.147,0.118,0.146,0.147,0.134,0.132,0.152,0.129,0.135,0.128,0.135,0.134,0.159,0.141,0.141,0.137,0.152,0.154,0.148,0.156,0.155,0.155,0.159,0.16,0.164,0.168,0.17,0.174,0.181,0.184,0.195,0.206,0.214,0.226,0.19,0.246,0.255,0.268,0.264,0.286,0.295,0.308,0.314,0.327,0.338,0.348,0.361,0.373,0.381,0.394,0.4,0.407,0.411,0.432,0.434,0.458,0.465,0.458,0.467,0.515,0.526,0.517,0.543,0.575,0.559,0.557,0.558,0.547,0.569,0.578,0.582,0.591,0.596,0.598,0.608,0.617,0.622,0.626,0.63,0.637,0.639,0.644,0.643,0.645,0.649,0.649
